team_abbreviation,team_name,game_date,W,L,offensive_rating,defensive_rating,possessions,GP,PCT_W,PCT_W_rank
ATL,Atlanta Hawks,"[Timestamp('2024-01-28 00:00:00'), Timestamp('2024-01-26 00:00:00'), Timestamp('2024-01-24 00:00:00'), Timestamp('2024-01-22 00:00:00'), Timestamp('2024-01-20 00:00:00'), Timestamp('2024-01-19 00:00:00'), Timestamp('2024-01-17 00:00:00'), Timestamp('2024-01-15 00:00:00'), Timestamp('2024-01-13 00:00:00'), Timestamp('2024-01-12 00:00:00'), Timestamp('2024-01-10 00:00:00'), Timestamp('2024-01-07 00:00:00'), Timestamp('2024-01-05 00:00:00'), Timestamp('2024-01-03 00:00:00'), Timestamp('2023-12-31 00:00:00'), Timestamp('2023-12-29 00:00:00'), Timestamp('2023-12-26 00:00:00'), Timestamp('2023-12-23 00:00:00'), Timestamp('2023-12-22 00:00:00'), Timestamp('2023-12-20 00:00:00'), Timestamp('2023-12-18 00:00:00'), Timestamp('2023-12-16 00:00:00'), Timestamp('2023-12-15 00:00:00'), Timestamp('2023-12-13 00:00:00'), Timestamp('2023-12-11 00:00:00'), Timestamp('2023-12-08 00:00:00'), Timestamp('2023-12-06 00:00:00'), Timestamp('2023-12-02 00:00:00'), Timestamp('2023-11-30 00:00:00'), Timestamp('2023-11-28 00:00:00'), Timestamp('2023-11-26 00:00:00'), Timestamp('2023-11-25 00:00:00'), Timestamp('2023-11-22 00:00:00'), Timestamp('2023-11-21 00:00:00'), Timestamp('2023-11-17 00:00:00'), Timestamp('2023-11-15 00:00:00'), Timestamp('2023-11-14 00:00:00'), Timestamp('2023-11-11 00:00:00'), Timestamp('2023-11-09 00:00:00'), Timestamp('2023-11-06 00:00:00'), Timestamp('2023-11-04 00:00:00'), Timestamp('2023-11-01 00:00:00'), Timestamp('2023-10-30 00:00:00'), Timestamp('2023-10-29 00:00:00'), Timestamp('2023-10-27 00:00:00'), Timestamp('2023-10-25 00:00:00')]",19,27,"[123.5, 133.6, 112.0, 103.9, 94.1, 113.5, 110.4, 100.0, 95.2, 108.0, 124.1, 103.8, 108.4, 131.8, 120.4, 110.0, 115.3, 119.0, 111.9, 135.4, 126.2, 122.7, 123.8, 125.5, 123.2, 114.0, 109.7, 116.3, 124.5, 101.9, 104.0, 132.0, 126.7, 140.7, 117.2, 120.0, 121.2, 105.8, 115.4, 109.3, 129.5, 118.2, 130.9, 122.1, 111.1, 105.8]","[121.4, 139.6, 132.7, 118.4, 114.9, 112.5, 107.2, 90.0, 122.1, 126.0, 117.9, 109.3, 141.5, 129.0, 115.6, 117.0, 119.2, 125.0, 122.0, 128.3, 120.4, 130.9, 104.0, 133.7, 130.3, 126.3, 109.6, 126.9, 123.9, 124.3, 114.1, 104.9, 125.0, 144.0, 128.6, 120.8, 116.5, 113.6, 114.4, 118.9, 109.4, 109.0, 114.1, 107.8, 118.9, 111.5]","[102.0, 107.0, 100.0, 103.0, 101.0, 96.0, 96.0, 109.0, 104.0, 100.0, 112.0, 106.0, 107.0, 107.0, 108.0, 100.0, 98.0, 100.0, 101.0, 99.0, 103.0, 97.0, 101.0, 102.0, 99.0, 100.0, 103.0, 104.0, 110.0, 103.0, 99.0, 103.0, 116.0, 108.0, 99.0, 95.0, 104.0, 103.0, 104.0, 107.0, 95.0, 110.0, 97.0, 104.0, 108.0, 104.0]",46,41.30434782608695,22
BOS,Boston Celtics,"[Timestamp('2024-01-27 00:00:00'), Timestamp('2024-01-25 00:00:00'), Timestamp('2024-01-22 00:00:00'), Timestamp('2024-01-21 00:00:00'), Timestamp('2024-01-19 00:00:00'), Timestamp('2024-01-17 00:00:00'), Timestamp('2024-01-15 00:00:00'), Timestamp('2024-01-13 00:00:00'), Timestamp('2024-01-11 00:00:00'), Timestamp('2024-01-10 00:00:00'), Timestamp('2024-01-08 00:00:00'), Timestamp('2024-01-06 00:00:00'), Timestamp('2024-01-05 00:00:00'), Timestamp('2024-01-02 00:00:00'), Timestamp('2023-12-31 00:00:00'), Timestamp('2023-12-29 00:00:00'), Timestamp('2023-12-28 00:00:00'), Timestamp('2023-12-25 00:00:00'), Timestamp('2023-12-23 00:00:00'), Timestamp('2023-12-20 00:00:00'), Timestamp('2023-12-19 00:00:00'), Timestamp('2023-12-17 00:00:00'), Timestamp('2023-12-15 00:00:00'), Timestamp('2023-12-14 00:00:00'), Timestamp('2023-12-12 00:00:00'), Timestamp('2023-12-08 00:00:00'), Timestamp('2023-12-04 00:00:00'), Timestamp('2023-12-01 00:00:00'), Timestamp('2023-11-28 00:00:00'), Timestamp('2023-11-26 00:00:00'), Timestamp('2023-11-24 00:00:00'), Timestamp('2023-11-22 00:00:00'), Timestamp('2023-11-20 00:00:00'), Timestamp('2023-11-19 00:00:00'), Timestamp('2023-11-17 00:00:00'), Timestamp('2023-11-15 00:00:00'), Timestamp('2023-11-13 00:00:00'), Timestamp('2023-11-11 00:00:00'), Timestamp('2023-11-10 00:00:00'), Timestamp('2023-11-08 00:00:00'), Timestamp('2023-11-06 00:00:00'), Timestamp('2023-11-04 00:00:00'), Timestamp('2023-11-01 00:00:00'), Timestamp('2023-10-30 00:00:00'), Timestamp('2023-10-27 00:00:00'), Timestamp('2023-10-25 00:00:00')]",35,11,"[99.0, 149.0, 119.0, 110.5, 116.3, 119.4, 105.0, 135.5, 103.0, 122.1, 128.4, 116.8, 115.6, 124.2, 127.6, 122.4, 118.5, 128.6, 146.5, 151.6, 117.8, 115.2, 129.3, 119.6, 123.7, 134.3, 108.7, 121.4, 129.2, 114.1, 96.0, 117.8, 108.3, 108.5, 110.2, 125.8, 129.5, 121.9, 126.0, 100.0, 98.2, 124.0, 144.9, 121.2, 119.0, 112.5]","[115.0, 115.8, 110.0, 101.9, 118.6, 100.0, 94.1, 104.6, 137.8, 115.4, 129.1, 100.0, 87.4, 127.0, 97.1, 120.4, 111.9, 117.3, 111.3, 124.0, 122.2, 99.0, 113.3, 111.5, 116.5, 125.5, 119.6, 115.5, 100.0, 104.0, 111.9, 113.7, 113.1, 106.4, 106.1, 115.1, 115.3, 95.9, 109.2, 103.9, 102.7, 114.0, 97.2, 102.9, 112.1, 107.2]","[97.0, 96.0, 100.0, 105.0, 86.0, 98.0, 100.0, 107.0, 99.0, 104.0, 102.0, 101.0, 109.0, 99.0, 105.0, 98.0, 108.0, 98.0, 99.0, 95.0, 107.0, 99.0, 99.0, 97.0, 97.0, 99.0, 103.0, 103.0, 96.0, 99.0, 100.0, 101.0, 109.0, 94.0, 98.0, 93.0, 88.0, 96.0, 96.0, 103.0, 111.0, 100.0, 107.0, 104.0, 100.0, 96.0]",46,76.08695652173914,1
CLE,Cleveland Cavaliers,"[Timestamp('2024-01-26 00:00:00'), Timestamp('2024-01-24 00:00:00'), Timestamp('2024-01-22 00:00:00'), Timestamp('2024-01-20 00:00:00'), Timestamp('2024-01-17 00:00:00'), Timestamp('2024-01-15 00:00:00'), Timestamp('2024-01-11 00:00:00'), Timestamp('2024-01-07 00:00:00'), Timestamp('2024-01-05 00:00:00'), Timestamp('2024-01-03 00:00:00'), Timestamp('2024-01-01 00:00:00'), Timestamp('2023-12-29 00:00:00'), Timestamp('2023-12-27 00:00:00'), Timestamp('2023-12-23 00:00:00'), Timestamp('2023-12-21 00:00:00'), Timestamp('2023-12-20 00:00:00'), Timestamp('2023-12-18 00:00:00'), Timestamp('2023-12-16 00:00:00'), Timestamp('2023-12-14 00:00:00'), Timestamp('2023-12-12 00:00:00'), Timestamp('2023-12-11 00:00:00'), Timestamp('2023-12-08 00:00:00'), Timestamp('2023-12-06 00:00:00'), Timestamp('2023-12-02 00:00:00'), Timestamp('2023-11-30 00:00:00'), Timestamp('2023-11-28 00:00:00'), Timestamp('2023-11-26 00:00:00'), Timestamp('2023-11-25 00:00:00'), Timestamp('2023-11-22 00:00:00'), Timestamp('2023-11-21 00:00:00'), Timestamp('2023-11-19 00:00:00'), Timestamp('2023-11-17 00:00:00'), Timestamp('2023-11-15 00:00:00'), Timestamp('2023-11-13 00:00:00'), Timestamp('2023-11-11 00:00:00'), Timestamp('2023-11-08 00:00:00'), Timestamp('2023-11-05 00:00:00'), Timestamp('2023-11-03 00:00:00'), Timestamp('2023-11-01 00:00:00'), Timestamp('2023-10-31 00:00:00'), Timestamp('2023-10-28 00:00:00'), Timestamp('2023-10-27 00:00:00'), Timestamp('2023-10-25 00:00:00')]",27,16,"[108.7, 111.5, 135.5, 114.9, 136.4, 110.1, 109.9, 119.4, 117.5, 144.3, 118.6, 108.8, 113.0, 118.5, 113.0, 126.5, 131.1, 130.9, 111.5, 116.5, 102.2, 111.0, 119.8, 110.0, 100.0, 124.3, 106.1, 107.5, 100.0, 111.9, 124.7, 111.3, 114.7, 126.3, 113.5, 115.4, 113.9, 112.6, 97.9, 94.8, 114.1, 100.0, 115.2]","[98.0, 122.3, 106.5, 94.1, 95.0, 91.9, 102.0, 117.3, 91.8, 105.2, 121.6, 116.7, 111.1, 101.1, 130.9, 117.2, 126.2, 122.7, 119.6, 123.7, 113.0, 99.0, 107.8, 102.0, 108.4, 101.9, 103.0, 114.2, 137.2, 110.2, 112.4, 102.0, 101.1, 137.5, 104.8, 123.1, 102.0, 118.6, 92.7, 112.4, 127.6, 102.9, 113.0]","[103.0, 104.0, 93.0, 101.0, 99.0, 99.0, 101.0, 98.0, 97.0, 97.0, 102.0, 102.0, 100.0, 92.0, 92.0, 98.0, 103.0, 97.0, 96.0, 97.0, 92.0, 100.0, 101.0, 100.0, 95.0, 103.0, 99.0, 107.0, 96.0, 109.0, 97.0, 97.0, 95.0, 95.0, 104.0, 104.0, 101.0, 103.0, 97.0, 96.0, 99.0, 105.0, 99.0]",43,62.7906976744186,9
NOP,New Orleans Pelicans,"[Timestamp('2024-01-27 00:00:00'), Timestamp('2024-01-26 00:00:00'), Timestamp('2024-01-23 00:00:00'), Timestamp('2024-01-19 00:00:00'), Timestamp('2024-01-17 00:00:00'), Timestamp('2024-01-15 00:00:00'), Timestamp('2024-01-13 00:00:00'), Timestamp('2024-01-12 00:00:00'), Timestamp('2024-01-10 00:00:00'), Timestamp('2024-01-07 00:00:00'), Timestamp('2024-01-05 00:00:00'), Timestamp('2024-01-03 00:00:00'), Timestamp('2024-01-02 00:00:00'), Timestamp('2023-12-31 00:00:00'), Timestamp('2023-12-28 00:00:00'), Timestamp('2023-12-26 00:00:00'), Timestamp('2023-12-23 00:00:00'), Timestamp('2023-12-21 00:00:00'), Timestamp('2023-12-19 00:00:00'), Timestamp('2023-12-17 00:00:00'), Timestamp('2023-12-15 00:00:00'), Timestamp('2023-12-13 00:00:00'), Timestamp('2023-12-11 00:00:00'), Timestamp('2023-12-07 00:00:00'), Timestamp('2023-12-04 00:00:00'), Timestamp('2023-12-02 00:00:00'), Timestamp('2023-12-01 00:00:00'), Timestamp('2023-11-29 00:00:00'), Timestamp('2023-11-27 00:00:00'), Timestamp('2023-11-25 00:00:00'), Timestamp('2023-11-24 00:00:00'), Timestamp('2023-11-22 00:00:00'), Timestamp('2023-11-20 00:00:00'), Timestamp('2023-11-18 00:00:00'), Timestamp('2023-11-17 00:00:00'), Timestamp('2023-11-14 00:00:00'), Timestamp('2023-11-12 00:00:00'), Timestamp('2023-11-10 00:00:00'), Timestamp('2023-11-08 00:00:00'), Timestamp('2023-11-06 00:00:00'), Timestamp('2023-11-04 00:00:00'), Timestamp('2023-11-02 00:00:00'), Timestamp('2023-11-01 00:00:00'), Timestamp('2023-10-30 00:00:00'), Timestamp('2023-10-28 00:00:00'), Timestamp('2023-10-25 00:00:00')]",26,20,"[110.4, 83.8, 145.7, 107.9, 137.5, 120.0, 128.3, 111.9, 142.4, 138.5, 101.1, 125.8, 119.1, 129.0, 119.1, 102.7, 110.6, 130.9, 117.7, 135.2, 112.0, 134.0, 119.8, 86.4, 127.0, 122.9, 121.0, 122.8, 119.1, 100.0, 116.0, 118.2, 129.0, 121.2, 113.9, 126.0, 114.8, 104.1, 99.0, 114.9, 109.4, 123.8, 105.8, 102.0, 95.0, 107.8]","[130.6, 108.1, 117.0, 120.6, 116.7, 127.6, 117.4, 123.8, 105.0, 105.3, 118.1, 114.0, 91.4, 107.9, 109.4, 102.7, 110.4, 113.0, 118.6, 100.9, 108.1, 116.2, 104.9, 127.9, 119.4, 127.8, 106.0, 116.3, 118.8, 105.0, 105.0, 112.0, 93.0, 121.0, 111.1, 102.8, 125.9, 105.1, 117.3, 134.0, 129.5, 116.0, 101.9, 128.7, 87.0, 100.0]","[106.0, 99.0, 105.0, 101.0, 96.0, 100.0, 92.0, 101.0, 99.0, 96.0, 94.0, 93.0, 94.0, 100.0, 94.0, 112.0, 94.0, 94.0, 96.0, 108.0, 100.0, 106.0, 101.0, 103.0, 100.0, 96.0, 100.0, 101.0, 94.0, 100.0, 100.0, 99.0, 100.0, 99.0, 101.0, 104.0, 108.0, 97.0, 102.0, 101.0, 96.0, 101.0, 104.0, 100.0, 101.0, 103.0]",46,56.52173913043478,12
CHI,Chicago Bulls,"[Timestamp('2024-01-28 00:00:00'), Timestamp('2024-01-25 00:00:00'), Timestamp('2024-01-22 00:00:00'), Timestamp('2024-01-20 00:00:00'), Timestamp('2024-01-18 00:00:00'), Timestamp('2024-01-15 00:00:00'), Timestamp('2024-01-13 00:00:00'), Timestamp('2024-01-12 00:00:00'), Timestamp('2024-01-10 00:00:00'), Timestamp('2024-01-08 00:00:00'), Timestamp('2024-01-05 00:00:00'), Timestamp('2024-01-03 00:00:00'), Timestamp('2024-01-02 00:00:00'), Timestamp('2023-12-30 00:00:00'), Timestamp('2023-12-28 00:00:00'), Timestamp('2023-12-26 00:00:00'), Timestamp('2023-12-23 00:00:00'), Timestamp('2023-12-21 00:00:00'), Timestamp('2023-12-20 00:00:00'), Timestamp('2023-12-18 00:00:00'), Timestamp('2023-12-16 00:00:00'), Timestamp('2023-12-14 00:00:00'), Timestamp('2023-12-12 00:00:00'), Timestamp('2023-12-11 00:00:00'), Timestamp('2023-12-08 00:00:00'), Timestamp('2023-12-06 00:00:00'), Timestamp('2023-12-02 00:00:00'), Timestamp('2023-11-30 00:00:00'), Timestamp('2023-11-28 00:00:00'), Timestamp('2023-11-26 00:00:00'), Timestamp('2023-11-24 00:00:00'), Timestamp('2023-11-22 00:00:00'), Timestamp('2023-11-20 00:00:00'), Timestamp('2023-11-18 00:00:00'), Timestamp('2023-11-17 00:00:00'), Timestamp('2023-11-15 00:00:00'), Timestamp('2023-11-13 00:00:00'), Timestamp('2023-11-12 00:00:00'), Timestamp('2023-11-08 00:00:00'), Timestamp('2023-11-06 00:00:00'), Timestamp('2023-11-04 00:00:00'), Timestamp('2023-11-03 00:00:00'), Timestamp('2023-11-01 00:00:00'), Timestamp('2023-10-30 00:00:00'), Timestamp('2023-10-28 00:00:00'), Timestamp('2023-10-27 00:00:00'), Timestamp('2023-10-25 00:00:00')]",21,25,"[109.5, 128.2, 117.7, 127.6, 118.4, 91.9, 122.0, 135.1, 111.7, 115.5, 111.8, 105.3, 94.2, 114.1, 104.0, 119.2, 101.1, 116.3, 120.4, 113.7, 127.5, 126.5, 112.8, 119.4, 127.4, 112.1, 127.8, 107.1, 100.0, 118.5, 116.1, 107.4, 108.7, 108.5, 100.0, 95.9, 111.2, 124.0, 105.5, 130.0, 103.1, 112.6, 110.5, 108.7, 109.7, 95.4, 105.1]","[102.1, 136.9, 121.1, 97.0, 113.4, 110.1, 117.2, 142.9, 107.2, 109.8, 97.8, 120.8, 107.8, 100.0, 121.2, 115.3, 118.5, 96.0, 104.9, 108.3, 129.7, 117.2, 122.6, 122.0, 117.9, 102.0, 122.9, 101.8, 129.2, 128.3, 130.1, 123.4, 128.3, 104.3, 108.4, 98.0, 120.4, 110.2, 106.4, 114.1, 125.5, 116.0, 120.0, 101.9, 126.9, 94.5, 124.0]","[95.0, 103.0, 96.0, 98.0, 98.0, 99.0, 100.0, 97.0, 111.0, 103.0, 93.0, 95.0, 103.0, 92.0, 100.0, 99.0, 94.0, 98.0, 103.0, 95.0, 91.0, 98.0, 94.0, 108.0, 95.0, 99.0, 97.0, 112.0, 97.0, 92.0, 93.0, 95.0, 92.0, 94.0, 97.0, 98.0, 98.0, 96.0, 109.0, 100.0, 98.0, 95.0, 95.0, 103.0, 93.0, 109.0, 99.0]",46,45.65217391304348,20
DAL,Dallas Mavericks,"[Timestamp('2024-01-27 00:00:00'), Timestamp('2024-01-26 00:00:00'), Timestamp('2024-01-24 00:00:00'), Timestamp('2024-01-22 00:00:00'), Timestamp('2024-01-17 00:00:00'), Timestamp('2024-01-15 00:00:00'), Timestamp('2024-01-13 00:00:00'), Timestamp('2024-01-11 00:00:00'), Timestamp('2024-01-09 00:00:00'), Timestamp('2024-01-07 00:00:00'), Timestamp('2024-01-05 00:00:00'), Timestamp('2024-01-03 00:00:00'), Timestamp('2024-01-01 00:00:00'), Timestamp('2023-12-30 00:00:00'), Timestamp('2023-12-28 00:00:00'), Timestamp('2023-12-27 00:00:00'), Timestamp('2023-12-25 00:00:00'), Timestamp('2023-12-23 00:00:00'), Timestamp('2023-12-22 00:00:00'), Timestamp('2023-12-20 00:00:00'), Timestamp('2023-12-18 00:00:00'), Timestamp('2023-12-16 00:00:00'), Timestamp('2023-12-14 00:00:00'), Timestamp('2023-12-12 00:00:00'), Timestamp('2023-12-11 00:00:00'), Timestamp('2023-12-08 00:00:00'), Timestamp('2023-12-06 00:00:00'), Timestamp('2023-12-02 00:00:00'), Timestamp('2023-12-01 00:00:00'), Timestamp('2023-11-28 00:00:00'), Timestamp('2023-11-25 00:00:00'), Timestamp('2023-11-22 00:00:00'), Timestamp('2023-11-19 00:00:00'), Timestamp('2023-11-18 00:00:00'), Timestamp('2023-11-15 00:00:00'), Timestamp('2023-11-14 00:00:00'), Timestamp('2023-11-12 00:00:00'), Timestamp('2023-11-10 00:00:00'), Timestamp('2023-11-08 00:00:00'), Timestamp('2023-11-06 00:00:00'), Timestamp('2023-11-05 00:00:00'), Timestamp('2023-11-03 00:00:00'), Timestamp('2023-11-01 00:00:00'), Timestamp('2023-10-30 00:00:00'), Timestamp('2023-10-27 00:00:00'), Timestamp('2023-10-25 00:00:00')]",25,21,"[115.0, 139.6, 109.0, 110.0, 107.8, 127.6, 117.4, 128.0, 105.1, 121.1, 127.5, 121.2, 87.4, 130.7, 108.9, 111.1, 126.7, 132.1, 88.1, 118.1, 106.1, 126.0, 100.0, 130.9, 120.0, 121.4, 141.3, 115.4, 100.0, 126.0, 95.7, 109.5, 114.1, 120.2, 126.2, 102.8, 125.9, 145.5, 109.4, 118.2, 120.4, 115.2, 120.0, 122.5, 123.8, 117.8]","[120.0, 133.6, 133.3, 119.0, 125.7, 120.0, 128.3, 125.3, 121.2, 113.7, 94.5, 93.3, 123.3, 122.0, 116.8, 113.0, 111.8, 108.2, 113.0, 126.3, 135.4, 115.4, 117.8, 130.2, 114.1, 107.7, 93.3, 122.3, 112.5, 118.6, 115.1, 104.1, 134.4, 126.9, 112.5, 126.0, 114.8, 128.6, 122.1, 103.0, 113.5, 128.9, 110.5, 106.8, 117.6, 111.2]","[100.0, 106.0, 100.0, 100.0, 102.0, 98.0, 92.0, 100.0, 98.0, 95.0, 109.0, 104.0, 103.0, 101.0, 101.0, 99.0, 101.0, 109.0, 109.0, 94.0, 98.0, 104.0, 101.0, 97.0, 100.0, 103.0, 104.0, 104.0, 94.0, 96.0, 92.0, 95.0, 99.0, 104.0, 103.0, 107.0, 108.0, 99.0, 106.0, 99.0, 103.0, 99.0, 95.0, 102.0, 101.0, 107.0]",46,54.347826086956516,14
DEN,Denver Nuggets,"[Timestamp('2024-01-27 00:00:00'), Timestamp('2024-01-25 00:00:00'), Timestamp('2024-01-23 00:00:00'), Timestamp('2024-01-21 00:00:00'), Timestamp('2024-01-19 00:00:00'), Timestamp('2024-01-16 00:00:00'), Timestamp('2024-01-14 00:00:00'), Timestamp('2024-01-12 00:00:00'), Timestamp('2024-01-10 00:00:00'), Timestamp('2024-01-07 00:00:00'), Timestamp('2024-01-05 00:00:00'), Timestamp('2024-01-04 00:00:00'), Timestamp('2024-01-01 00:00:00'), Timestamp('2023-12-29 00:00:00'), Timestamp('2023-12-28 00:00:00'), Timestamp('2023-12-25 00:00:00'), Timestamp('2023-12-23 00:00:00'), Timestamp('2023-12-22 00:00:00'), Timestamp('2023-12-20 00:00:00'), Timestamp('2023-12-18 00:00:00'), Timestamp('2023-12-16 00:00:00'), Timestamp('2023-12-14 00:00:00'), Timestamp('2023-12-12 00:00:00'), Timestamp('2023-12-11 00:00:00'), Timestamp('2023-12-08 00:00:00'), Timestamp('2023-12-06 00:00:00'), Timestamp('2023-12-02 00:00:00'), Timestamp('2023-12-01 00:00:00'), Timestamp('2023-11-29 00:00:00'), Timestamp('2023-11-27 00:00:00'), Timestamp('2023-11-26 00:00:00'), Timestamp('2023-11-24 00:00:00'), Timestamp('2023-11-22 00:00:00'), Timestamp('2023-11-20 00:00:00'), Timestamp('2023-11-19 00:00:00'), Timestamp('2023-11-17 00:00:00'), Timestamp('2023-11-14 00:00:00'), Timestamp('2023-11-12 00:00:00'), Timestamp('2023-11-08 00:00:00'), Timestamp('2023-11-06 00:00:00'), Timestamp('2023-11-04 00:00:00'), Timestamp('2023-11-03 00:00:00'), Timestamp('2023-11-01 00:00:00'), Timestamp('2023-10-30 00:00:00'), Timestamp('2023-10-29 00:00:00'), Timestamp('2023-10-27 00:00:00'), Timestamp('2023-10-24 00:00:00')]",32,15,"[118.1, 91.3, 121.3, 113.0, 118.6, 131.5, 117.0, 123.8, 111.0, 133.7, 116.5, 138.3, 116.8, 93.0, 140.6, 118.8, 104.1, 128.4, 117.7, 135.4, 118.2, 120.4, 122.6, 130.3, 111.6, 106.3, 109.3, 124.0, 147.3, 115.3, 125.7, 88.7, 124.0, 108.1, 112.4, 111.1, 118.1, 110.6, 111.3, 134.0, 125.5, 128.9, 89.9, 112.2, 134.7, 104.9, 125.3]","[112.9, 132.6, 113.5, 106.1, 116.3, 134.0, 109.0, 111.9, 122.8, 116.3, 119.6, 132.3, 97.9, 119.0, 104.0, 114.0, 97.9, 125.8, 110.6, 106.1, 120.4, 99.0, 112.8, 123.2, 117.5, 114.4, 115.0, 114.4, 136.3, 106.1, 114.3, 106.1, 130.5, 106.2, 124.7, 113.9, 113.7, 113.8, 108.2, 114.9, 103.1, 115.2, 112.2, 104.1, 97.9, 101.0, 111.5]","[94.0, 92.0, 94.0, 100.0, 86.0, 92.0, 100.0, 101.0, 100.0, 98.0, 103.0, 94.0, 95.0, 100.0, 101.0, 101.0, 98.0, 95.0, 96.0, 96.0, 99.0, 103.0, 93.0, 99.0, 95.0, 96.0, 107.0, 96.0, 91.0, 98.0, 105.0, 97.0, 96.0, 99.0, 97.0, 99.0, 94.0, 94.0, 97.0, 100.0, 98.0, 97.0, 99.0, 98.0, 95.0, 103.0, 95.0]",47,68.08510638297872,6
GSW,Golden State Warriors,"[Timestamp('2024-01-27 00:00:00'), Timestamp('2024-01-25 00:00:00'), Timestamp('2024-01-24 00:00:00'), Timestamp('2024-01-15 00:00:00'), Timestamp('2024-01-13 00:00:00'), Timestamp('2024-01-12 00:00:00'), Timestamp('2024-01-10 00:00:00'), Timestamp('2024-01-07 00:00:00'), Timestamp('2024-01-05 00:00:00'), Timestamp('2024-01-04 00:00:00'), Timestamp('2024-01-02 00:00:00'), Timestamp('2023-12-30 00:00:00'), Timestamp('2023-12-28 00:00:00'), Timestamp('2023-12-25 00:00:00'), Timestamp('2023-12-23 00:00:00'), Timestamp('2023-12-22 00:00:00'), Timestamp('2023-12-19 00:00:00'), Timestamp('2023-12-17 00:00:00'), Timestamp('2023-12-16 00:00:00'), Timestamp('2023-12-14 00:00:00'), Timestamp('2023-12-12 00:00:00'), Timestamp('2023-12-08 00:00:00'), Timestamp('2023-12-06 00:00:00'), Timestamp('2023-12-02 00:00:00'), Timestamp('2023-11-30 00:00:00'), Timestamp('2023-11-28 00:00:00'), Timestamp('2023-11-24 00:00:00'), Timestamp('2023-11-22 00:00:00'), Timestamp('2023-11-20 00:00:00'), Timestamp('2023-11-18 00:00:00'), Timestamp('2023-11-16 00:00:00'), Timestamp('2023-11-14 00:00:00'), Timestamp('2023-11-12 00:00:00'), Timestamp('2023-11-11 00:00:00'), Timestamp('2023-11-08 00:00:00'), Timestamp('2023-11-06 00:00:00'), Timestamp('2023-11-05 00:00:00'), Timestamp('2023-11-03 00:00:00'), Timestamp('2023-11-01 00:00:00'), Timestamp('2023-10-30 00:00:00'), Timestamp('2023-10-29 00:00:00'), Timestamp('2023-10-27 00:00:00'), Timestamp('2023-10-24 00:00:00')]",19,24,"[113.4, 137.1, 132.7, 105.9, 119.2, 142.9, 105.0, 120.4, 114.1, 132.3, 122.2, 122.0, 106.3, 114.0, 127.3, 124.0, 122.2, 121.6, 125.3, 117.7, 112.6, 119.3, 111.1, 110.9, 126.3, 116.0, 110.3, 113.9, 128.7, 109.8, 110.1, 103.1, 110.0, 104.8, 108.2, 123.7, 102.0, 133.0, 105.2, 128.7, 111.6, 117.3, 102.0]","[114.2, 136.7, 112.0, 114.9, 131.6, 135.1, 142.4, 134.3, 109.0, 138.3, 117.3, 130.7, 117.5, 118.8, 108.2, 115.7, 117.8, 118.8, 120.0, 127.4, 114.4, 120.0, 106.0, 113.0, 121.3, 118.1, 104.7, 123.0, 122.1, 117.1, 128.0, 104.0, 114.9, 113.5, 111.3, 112.4, 113.9, 132.4, 103.1, 102.0, 101.1, 108.6, 106.9]","[127.0, 97.0, 101.0, 101.0, 99.0, 98.0, 100.0, 98.0, 99.0, 96.0, 99.0, 100.0, 96.0, 100.0, 99.0, 104.0, 108.0, 97.0, 99.0, 96.0, 103.0, 114.0, 99.0, 101.0, 95.0, 106.0, 107.0, 101.0, 94.0, 112.0, 99.0, 98.0, 100.0, 105.0, 97.0, 97.0, 102.0, 106.0, 97.0, 101.0, 95.0, 104.0, 102.0]",43,44.18604651162791,21
HOU,Houston Rockets,"[Timestamp('2024-01-27 00:00:00'), Timestamp('2024-01-26 00:00:00'), Timestamp('2024-01-24 00:00:00'), Timestamp('2024-01-21 00:00:00'), Timestamp('2024-01-20 00:00:00'), Timestamp('2024-01-17 00:00:00'), Timestamp('2024-01-15 00:00:00'), Timestamp('2024-01-13 00:00:00'), Timestamp('2024-01-12 00:00:00'), Timestamp('2024-01-10 00:00:00'), Timestamp('2024-01-08 00:00:00'), Timestamp('2024-01-06 00:00:00'), Timestamp('2024-01-05 00:00:00'), Timestamp('2024-01-03 00:00:00'), Timestamp('2024-01-01 00:00:00'), Timestamp('2023-12-29 00:00:00'), Timestamp('2023-12-27 00:00:00'), Timestamp('2023-12-26 00:00:00'), Timestamp('2023-12-23 00:00:00'), Timestamp('2023-12-22 00:00:00'), Timestamp('2023-12-20 00:00:00'), Timestamp('2023-12-18 00:00:00'), Timestamp('2023-12-17 00:00:00'), Timestamp('2023-12-15 00:00:00'), Timestamp('2023-12-13 00:00:00'), Timestamp('2023-12-11 00:00:00'), Timestamp('2023-12-08 00:00:00'), Timestamp('2023-12-06 00:00:00'), Timestamp('2023-12-02 00:00:00'), Timestamp('2023-11-29 00:00:00'), Timestamp('2023-11-28 00:00:00'), Timestamp('2023-11-24 00:00:00'), Timestamp('2023-11-22 00:00:00'), Timestamp('2023-11-20 00:00:00'), Timestamp('2023-11-19 00:00:00'), Timestamp('2023-11-17 00:00:00'), Timestamp('2023-11-12 00:00:00'), Timestamp('2023-11-10 00:00:00'), Timestamp('2023-11-08 00:00:00'), Timestamp('2023-11-06 00:00:00'), Timestamp('2023-11-04 00:00:00'), Timestamp('2023-11-01 00:00:00'), Timestamp('2023-10-29 00:00:00'), Timestamp('2023-10-27 00:00:00'), Timestamp('2023-10-25 00:00:00')]",21,24,"[99.0, 136.6, 126.0, 101.9, 117.6, 98.9, 119.8, 104.6, 113.1, 107.2, 116.5, 112.0, 95.0, 113.1, 129.5, 129.6, 113.0, 114.7, 110.4, 113.0, 128.3, 126.2, 121.4, 105.1, 112.5, 92.1, 117.5, 111.1, 95.1, 136.3, 118.6, 106.1, 114.4, 122.1, 106.1, 100.0, 113.8, 105.1, 129.3, 131.2, 111.5, 125.5, 101.1, 109.9, 90.5]","[101.9, 102.0, 130.5, 110.5, 114.5, 114.7, 127.8, 135.5, 111.1, 111.7, 122.4, 106.9, 119.6, 101.0, 108.7, 135.1, 127.7, 120.6, 110.6, 88.1, 135.4, 131.1, 129.3, 99.0, 101.0, 80.4, 111.6, 103.1, 104.9, 147.3, 126.0, 88.7, 92.9, 128.7, 107.1, 106.0, 110.6, 104.1, 94.9, 104.3, 94.7, 116.7, 111.6, 113.5, 120.8]","[105.0, 101.0, 104.0, 105.0, 108.0, 95.0, 96.0, 108.0, 99.0, 111.0, 97.0, 100.0, 100.0, 99.0, 105.0, 98.0, 100.0, 102.0, 96.0, 108.0, 99.0, 103.0, 98.0, 98.0, 104.0, 101.0, 97.0, 99.0, 102.0, 91.0, 97.0, 99.0, 97.0, 95.0, 98.0, 100.0, 94.0, 99.0, 99.0, 93.0, 96.0, 102.0, 94.0, 111.0, 95.0]",45,46.666666666666664,19
LAC,LA Clippers,"[Timestamp('2024-01-27 00:00:00'), Timestamp('2024-01-26 00:00:00'), Timestamp('2024-01-23 00:00:00'), Timestamp('2024-01-21 00:00:00'), Timestamp('2024-01-16 00:00:00'), Timestamp('2024-01-14 00:00:00'), Timestamp('2024-01-12 00:00:00'), Timestamp('2024-01-10 00:00:00'), Timestamp('2024-01-08 00:00:00'), Timestamp('2024-01-07 00:00:00'), Timestamp('2024-01-05 00:00:00'), Timestamp('2024-01-03 00:00:00'), Timestamp('2024-01-01 00:00:00'), Timestamp('2023-12-29 00:00:00'), Timestamp('2023-12-26 00:00:00'), Timestamp('2023-12-23 00:00:00'), Timestamp('2023-12-21 00:00:00'), Timestamp('2023-12-20 00:00:00'), Timestamp('2023-12-18 00:00:00'), Timestamp('2023-12-16 00:00:00'), Timestamp('2023-12-14 00:00:00'), Timestamp('2023-12-12 00:00:00'), Timestamp('2023-12-11 00:00:00'), Timestamp('2023-12-08 00:00:00'), Timestamp('2023-12-06 00:00:00'), Timestamp('2023-12-02 00:00:00'), Timestamp('2023-11-30 00:00:00'), Timestamp('2023-11-29 00:00:00'), Timestamp('2023-11-27 00:00:00'), Timestamp('2023-11-25 00:00:00'), Timestamp('2023-11-24 00:00:00'), Timestamp('2023-11-22 00:00:00'), Timestamp('2023-11-20 00:00:00'), Timestamp('2023-11-17 00:00:00'), Timestamp('2023-11-14 00:00:00'), Timestamp('2023-11-12 00:00:00'), Timestamp('2023-11-10 00:00:00'), Timestamp('2023-11-08 00:00:00'), Timestamp('2023-11-06 00:00:00'), Timestamp('2023-11-01 00:00:00'), Timestamp('2023-10-31 00:00:00'), Timestamp('2023-10-29 00:00:00'), Timestamp('2023-10-27 00:00:00'), Timestamp('2023-10-25 00:00:00')]",30,14,"[115.0, 125.7, 125.7, 123.8, 137.6, 112.9, 133.3, 131.3, 140.8, 103.0, 118.1, 139.4, 126.0, 115.8, 114.1, 111.3, 112.7, 126.3, 145.2, 141.2, 127.4, 115.5, 136.1, 119.4, 114.4, 113.0, 121.3, 133.7, 106.1, 115.1, 105.0, 106.9, 122.8, 106.0, 113.7, 104.1, 128.6, 94.9, 100.0, 113.6, 112.4, 119.4, 118.0, 124.2]","[99.0, 105.9, 114.9, 112.9, 124.5, 117.2, 124.0, 125.0, 114.4, 109.3, 101.1, 129.8, 108.3, 103.9, 105.1, 146.5, 134.0, 118.1, 123.3, 120.8, 117.7, 97.1, 130.9, 104.0, 106.3, 110.9, 126.3, 117.0, 115.3, 95.7, 116.0, 99.0, 100.0, 100.0, 118.1, 109.4, 145.5, 103.1, 115.6, 119.3, 98.1, 79.8, 120.0, 112.1]","[100.0, 101.0, 101.0, 101.0, 93.0, 93.0, 96.0, 96.0, 98.0, 100.0, 94.0, 94.0, 96.0, 101.0, 99.0, 97.0, 102.0, 95.0, 104.0, 102.0, 95.0, 103.0, 97.0, 98.0, 97.0, 100.0, 94.0, 98.0, 98.0, 93.0, 101.0, 102.0, 101.0, 100.0, 95.0, 97.0, 98.0, 98.0, 97.0, 110.0, 105.0, 103.0, 100.0, 99.0]",44,68.18181818181817,5
LAL,Los Angeles Lakers,"[Timestamp('2024-01-27 00:00:00'), Timestamp('2024-01-25 00:00:00'), Timestamp('2024-01-23 00:00:00'), Timestamp('2024-01-21 00:00:00'), Timestamp('2024-01-19 00:00:00'), Timestamp('2024-01-17 00:00:00'), Timestamp('2024-01-15 00:00:00'), Timestamp('2024-01-13 00:00:00'), Timestamp('2024-01-11 00:00:00'), Timestamp('2024-01-09 00:00:00'), Timestamp('2024-01-07 00:00:00'), Timestamp('2024-01-05 00:00:00'), Timestamp('2024-01-03 00:00:00'), Timestamp('2023-12-31 00:00:00'), Timestamp('2023-12-30 00:00:00'), Timestamp('2023-12-28 00:00:00'), Timestamp('2023-12-25 00:00:00'), Timestamp('2023-12-23 00:00:00'), Timestamp('2023-12-21 00:00:00'), Timestamp('2023-12-20 00:00:00'), Timestamp('2023-12-18 00:00:00'), Timestamp('2023-12-15 00:00:00'), Timestamp('2023-12-13 00:00:00'), Timestamp('2023-12-12 00:00:00'), Timestamp('2023-12-07 00:00:00'), Timestamp('2023-12-05 00:00:00'), Timestamp('2023-12-02 00:00:00'), Timestamp('2023-11-30 00:00:00'), Timestamp('2023-11-29 00:00:00'), Timestamp('2023-11-27 00:00:00'), Timestamp('2023-11-25 00:00:00'), Timestamp('2023-11-22 00:00:00'), Timestamp('2023-11-21 00:00:00'), Timestamp('2023-11-19 00:00:00'), Timestamp('2023-11-17 00:00:00'), Timestamp('2023-11-15 00:00:00'), Timestamp('2023-11-14 00:00:00'), Timestamp('2023-11-12 00:00:00'), Timestamp('2023-11-10 00:00:00'), Timestamp('2023-11-08 00:00:00'), Timestamp('2023-11-06 00:00:00'), Timestamp('2023-11-04 00:00:00'), Timestamp('2023-11-01 00:00:00'), Timestamp('2023-10-30 00:00:00'), Timestamp('2023-10-29 00:00:00'), Timestamp('2023-10-26 00:00:00'), Timestamp('2023-10-24 00:00:00')]",24,23,"[114.2, 136.9, 114.9, 131.4, 110.9, 125.7, 114.3, 119.0, 107.9, 125.7, 109.3, 109.7, 93.2, 107.9, 105.0, 125.5, 117.3, 129.0, 108.8, 104.9, 106.9, 115.0, 110.9, 130.2, 127.9, 109.3, 104.9, 104.8, 125.5, 97.9, 114.2, 104.1, 126.0, 107.1, 110.3, 100.9, 138.1, 114.9, 123.2, 94.9, 108.1, 103.1, 119.3, 107.1, 111.4, 96.2, 111.5]","[113.4, 128.2, 125.7, 108.9, 130.0, 107.8, 105.0, 123.4, 125.7, 124.8, 103.0, 124.5, 107.8, 129.0, 109.1, 106.7, 128.6, 122.4, 115.7, 120.4, 111.8, 130.3, 108.2, 130.9, 86.4, 105.1, 95.1, 127.9, 100.9, 142.3, 107.5, 109.5, 95.2, 106.1, 99.0, 114.7, 109.2, 108.9, 120.2, 129.3, 109.1, 123.7, 113.6, 104.0, 116.8, 90.5, 125.3]","[127.0, 103.0, 101.0, 102.0, 101.0, 101.0, 98.0, 105.0, 101.0, 105.0, 97.0, 103.0, 103.0, 101.0, 101.0, 106.0, 98.0, 100.0, 102.0, 103.0, 102.0, 100.0, 110.0, 96.0, 104.0, 97.0, 102.0, 105.0, 106.0, 96.0, 106.0, 97.0, 104.0, 98.0, 97.0, 109.0, 97.0, 101.0, 99.0, 99.0, 99.0, 98.0, 109.0, 99.0, 114.0, 104.0, 96.0]",47,51.06382978723404,17
MIA,Miami Heat,"[Timestamp('2024-01-27 00:00:00'), Timestamp('2024-01-25 00:00:00'), Timestamp('2024-01-24 00:00:00'), Timestamp('2024-01-21 00:00:00'), Timestamp('2024-01-19 00:00:00'), Timestamp('2024-01-17 00:00:00'), Timestamp('2024-01-15 00:00:00'), Timestamp('2024-01-14 00:00:00'), Timestamp('2024-01-12 00:00:00'), Timestamp('2024-01-10 00:00:00'), Timestamp('2024-01-08 00:00:00'), Timestamp('2024-01-05 00:00:00'), Timestamp('2024-01-03 00:00:00'), Timestamp('2024-01-01 00:00:00'), Timestamp('2023-12-30 00:00:00'), Timestamp('2023-12-28 00:00:00'), Timestamp('2023-12-25 00:00:00'), Timestamp('2023-12-22 00:00:00'), Timestamp('2023-12-20 00:00:00'), Timestamp('2023-12-18 00:00:00'), Timestamp('2023-12-16 00:00:00'), Timestamp('2023-12-14 00:00:00'), Timestamp('2023-12-13 00:00:00'), Timestamp('2023-12-11 00:00:00'), Timestamp('2023-12-08 00:00:00'), Timestamp('2023-12-06 00:00:00'), Timestamp('2023-12-02 00:00:00'), Timestamp('2023-11-30 00:00:00'), Timestamp('2023-11-28 00:00:00'), Timestamp('2023-11-25 00:00:00'), Timestamp('2023-11-24 00:00:00'), Timestamp('2023-11-22 00:00:00'), Timestamp('2023-11-20 00:00:00'), Timestamp('2023-11-18 00:00:00'), Timestamp('2023-11-16 00:00:00'), Timestamp('2023-11-14 00:00:00'), Timestamp('2023-11-12 00:00:00'), Timestamp('2023-11-11 00:00:00'), Timestamp('2023-11-08 00:00:00'), Timestamp('2023-11-06 00:00:00'), Timestamp('2023-11-03 00:00:00'), Timestamp('2023-11-01 00:00:00'), Timestamp('2023-10-30 00:00:00'), Timestamp('2023-10-28 00:00:00'), Timestamp('2023-10-27 00:00:00'), Timestamp('2023-10-25 00:00:00')]",24,22,"[116.0, 115.8, 96.0, 95.6, 112.5, 103.2, 94.1, 107.2, 108.8, 118.8, 122.4, 103.2, 107.8, 108.3, 105.8, 117.5, 117.8, 122.0, 122.3, 110.2, 129.7, 117.2, 117.3, 124.7, 99.0, 114.3, 131.6, 134.0, 124.0, 101.0, 99.0, 137.2, 128.3, 104.3, 131.2, 115.6, 118.0, 113.6, 108.0, 109.1, 118.6, 102.9, 108.6, 91.8, 112.1, 108.4]","[133.0, 149.0, 106.1, 115.4, 113.5, 130.1, 93.1, 91.6, 104.3, 128.0, 116.5, 118.9, 93.2, 126.0, 112.5, 106.3, 111.9, 111.9, 110.4, 115.5, 127.5, 126.5, 104.0, 120.0, 111.0, 105.1, 146.9, 123.4, 129.7, 117.9, 102.0, 100.0, 108.7, 108.5, 125.0, 111.7, 114.1, 105.8, 103.0, 108.1, 111.8, 104.8, 116.2, 107.1, 119.0, 106.3]","[94.0, 95.0, 100.0, 91.0, 96.0, 94.0, 102.0, 97.0, 91.0, 101.0, 98.0, 94.0, 102.0, 96.0, 103.0, 97.0, 101.0, 100.0, 94.0, 98.0, 91.0, 99.0, 98.0, 93.0, 100.0, 98.0, 98.0, 106.0, 100.0, 96.0, 99.0, 94.0, 92.0, 93.0, 93.0, 96.0, 100.0, 103.0, 100.0, 99.0, 102.0, 102.0, 105.0, 98.0, 99.0, 95.0]",46,52.17391304347826,15
MIL,Milwaukee Bucks,"[Timestamp('2024-01-27 00:00:00'), Timestamp('2024-01-26 00:00:00'), Timestamp('2024-01-24 00:00:00'), Timestamp('2024-01-22 00:00:00'), Timestamp('2024-01-20 00:00:00'), Timestamp('2024-01-17 00:00:00'), Timestamp('2024-01-14 00:00:00'), Timestamp('2024-01-13 00:00:00'), Timestamp('2024-01-11 00:00:00'), Timestamp('2024-01-08 00:00:00'), Timestamp('2024-01-06 00:00:00'), Timestamp('2024-01-04 00:00:00'), Timestamp('2024-01-03 00:00:00'), Timestamp('2024-01-01 00:00:00'), Timestamp('2023-12-29 00:00:00'), Timestamp('2023-12-27 00:00:00'), Timestamp('2023-12-25 00:00:00'), Timestamp('2023-12-23 00:00:00'), Timestamp('2023-12-21 00:00:00'), Timestamp('2023-12-19 00:00:00'), Timestamp('2023-12-17 00:00:00'), Timestamp('2023-12-16 00:00:00'), Timestamp('2023-12-13 00:00:00'), Timestamp('2023-12-11 00:00:00'), Timestamp('2023-12-07 00:00:00'), Timestamp('2023-12-05 00:00:00'), Timestamp('2023-12-02 00:00:00'), Timestamp('2023-11-30 00:00:00'), Timestamp('2023-11-28 00:00:00'), Timestamp('2023-11-26 00:00:00'), Timestamp('2023-11-24 00:00:00'), Timestamp('2023-11-22 00:00:00'), Timestamp('2023-11-20 00:00:00'), Timestamp('2023-11-18 00:00:00'), Timestamp('2023-11-17 00:00:00'), Timestamp('2023-11-15 00:00:00'), Timestamp('2023-11-13 00:00:00'), Timestamp('2023-11-11 00:00:00'), Timestamp('2023-11-09 00:00:00'), Timestamp('2023-11-08 00:00:00'), Timestamp('2023-11-06 00:00:00'), Timestamp('2023-11-03 00:00:00'), Timestamp('2023-11-01 00:00:00'), Timestamp('2023-10-30 00:00:00'), Timestamp('2023-10-29 00:00:00'), Timestamp('2023-10-26 00:00:00')]",32,14,"[130.6, 98.0, 122.3, 117.3, 129.4, 95.0, 126.5, 131.6, 137.8, 116.0, 106.9, 120.2, 122.6, 108.7, 116.7, 142.6, 122.0, 126.2, 113.5, 120.0, 129.3, 140.4, 126.1, 122.0, 112.3, 143.1, 126.9, 101.8, 129.7, 105.9, 124.8, 113.7, 137.9, 126.9, 126.2, 129.3, 120.4, 97.0, 121.6, 112.1, 126.5, 110.0, 113.3, 116.2, 107.8, 112.4]","[110.4, 108.7, 111.5, 109.7, 123.9, 136.4, 124.6, 119.2, 103.0, 134.7, 112.0, 116.3, 132.7, 117.3, 108.8, 120.8, 129.0, 107.8, 110.7, 108.2, 121.4, 108.6, 113.5, 119.4, 121.9, 119.6, 116.3, 107.1, 124.0, 99.0, 123.1, 117.8, 125.2, 120.2, 96.1, 114.3, 111.2, 113.1, 124.8, 110.3, 120.2, 104.0, 134.0, 108.6, 122.1, 112.5]","[108.0, 102.0, 103.0, 104.0, 109.0, 100.0, 113.0, 98.0, 98.0, 100.0, 101.0, 104.0, 106.0, 104.0, 102.0, 101.0, 100.0, 103.0, 104.0, 110.0, 99.0, 104.0, 111.0, 109.0, 106.0, 102.0, 104.0, 111.0, 101.0, 102.0, 105.0, 102.0, 103.0, 104.0, 103.0, 99.0, 98.0, 100.0, 102.0, 107.0, 102.0, 100.0, 98.0, 105.0, 102.0, 105.0]",46,69.56521739130434,2
MIN,Minnesota Timberwolves,"[Timestamp('2024-01-27 00:00:00'), Timestamp('2024-01-25 00:00:00'), Timestamp('2024-01-24 00:00:00'), Timestamp('2024-01-22 00:00:00'), Timestamp('2024-01-20 00:00:00'), Timestamp('2024-01-18 00:00:00'), Timestamp('2024-01-17 00:00:00'), Timestamp('2024-01-14 00:00:00'), Timestamp('2024-01-12 00:00:00'), Timestamp('2024-01-10 00:00:00'), Timestamp('2024-01-09 00:00:00'), Timestamp('2024-01-07 00:00:00'), Timestamp('2024-01-05 00:00:00'), Timestamp('2024-01-03 00:00:00'), Timestamp('2024-01-01 00:00:00'), Timestamp('2023-12-30 00:00:00'), Timestamp('2023-12-28 00:00:00'), Timestamp('2023-12-26 00:00:00'), Timestamp('2023-12-23 00:00:00'), Timestamp('2023-12-21 00:00:00'), Timestamp('2023-12-20 00:00:00'), Timestamp('2023-12-18 00:00:00'), Timestamp('2023-12-16 00:00:00'), Timestamp('2023-12-14 00:00:00'), Timestamp('2023-12-11 00:00:00'), Timestamp('2023-12-08 00:00:00'), Timestamp('2023-12-06 00:00:00'), Timestamp('2023-12-02 00:00:00'), Timestamp('2023-11-30 00:00:00'), Timestamp('2023-11-28 00:00:00'), Timestamp('2023-11-26 00:00:00'), Timestamp('2023-11-24 00:00:00'), Timestamp('2023-11-22 00:00:00'), Timestamp('2023-11-20 00:00:00'), Timestamp('2023-11-18 00:00:00'), Timestamp('2023-11-15 00:00:00'), Timestamp('2023-11-14 00:00:00'), Timestamp('2023-11-12 00:00:00'), Timestamp('2023-11-10 00:00:00'), Timestamp('2023-11-08 00:00:00'), Timestamp('2023-11-06 00:00:00'), Timestamp('2023-11-04 00:00:00'), Timestamp('2023-11-01 00:00:00'), Timestamp('2023-10-30 00:00:00'), Timestamp('2023-10-28 00:00:00'), Timestamp('2023-10-25 00:00:00')]",32,14,"[121.7, 104.3, 112.4, 125.0, 99.0, 122.9, 121.6, 117.2, 117.2, 115.4, 114.1, 113.7, 119.6, 114.0, 110.4, 109.1, 116.8, 106.0, 113.4, 115.7, 113.0, 115.5, 128.3, 117.8, 104.9, 132.3, 101.0, 129.5, 104.1, 106.0, 120.2, 109.9, 115.5, 118.2, 121.0, 125.0, 104.0, 114.9, 111.4, 117.3, 102.7, 128.1, 112.2, 114.1, 107.1, 93.1]","[122.8, 102.2, 101.9, 128.0, 106.3, 107.3, 117.0, 112.9, 93.9, 122.1, 92.9, 121.1, 95.0, 125.8, 115.5, 105.0, 108.9, 127.7, 102.1, 108.8, 125.7, 110.2, 109.0, 100.0, 119.8, 109.6, 94.0, 121.9, 92.8, 103.0, 100.0, 122.8, 102.1, 100.0, 121.2, 146.2, 103.1, 110.0, 104.8, 99.0, 98.2, 97.9, 89.9, 130.9, 91.8, 96.0]","[92.0, 92.0, 105.0, 100.0, 98.0, 96.0, 102.0, 93.0, 99.0, 104.0, 99.0, 95.0, 102.0, 93.0, 96.0, 99.0, 101.0, 100.0, 97.0, 102.0, 100.0, 97.0, 99.0, 101.0, 102.0, 96.0, 101.0, 95.0, 97.0, 100.0, 99.0, 101.0, 97.0, 99.0, 100.0, 92.0, 100.0, 101.0, 105.0, 104.0, 111.0, 96.0, 98.0, 99.0, 99.0, 101.0]",46,69.56521739130434,2
BKN,Brooklyn Nets,"[Timestamp('2024-01-27 00:00:00'), Timestamp('2024-01-25 00:00:00'), Timestamp('2024-01-23 00:00:00'), Timestamp('2024-01-21 00:00:00'), Timestamp('2024-01-19 00:00:00'), Timestamp('2024-01-17 00:00:00'), Timestamp('2024-01-15 00:00:00'), Timestamp('2024-01-11 00:00:00'), Timestamp('2024-01-07 00:00:00'), Timestamp('2024-01-05 00:00:00'), Timestamp('2024-01-03 00:00:00'), Timestamp('2024-01-02 00:00:00'), Timestamp('2023-12-31 00:00:00'), Timestamp('2023-12-29 00:00:00'), Timestamp('2023-12-27 00:00:00'), Timestamp('2023-12-26 00:00:00'), Timestamp('2023-12-23 00:00:00'), Timestamp('2023-12-22 00:00:00'), Timestamp('2023-12-20 00:00:00'), Timestamp('2023-12-18 00:00:00'), Timestamp('2023-12-16 00:00:00'), Timestamp('2023-12-14 00:00:00'), Timestamp('2023-12-13 00:00:00'), Timestamp('2023-12-11 00:00:00'), Timestamp('2023-12-08 00:00:00'), Timestamp('2023-12-06 00:00:00'), Timestamp('2023-12-02 00:00:00'), Timestamp('2023-11-30 00:00:00'), Timestamp('2023-11-28 00:00:00'), Timestamp('2023-11-26 00:00:00'), Timestamp('2023-11-25 00:00:00'), Timestamp('2023-11-22 00:00:00'), Timestamp('2023-11-19 00:00:00'), Timestamp('2023-11-16 00:00:00'), Timestamp('2023-11-14 00:00:00'), Timestamp('2023-11-12 00:00:00'), Timestamp('2023-11-10 00:00:00'), Timestamp('2023-11-08 00:00:00'), Timestamp('2023-11-06 00:00:00'), Timestamp('2023-11-04 00:00:00'), Timestamp('2023-11-03 00:00:00'), Timestamp('2023-11-01 00:00:00'), Timestamp('2023-10-30 00:00:00'), Timestamp('2023-10-27 00:00:00'), Timestamp('2023-10-25 00:00:00')]",18,27,"[101.9, 102.2, 112.0, 112.9, 130.0, 114.4, 93.1, 102.0, 118.7, 124.0, 101.0, 91.4, 104.9, 111.8, 120.8, 115.7, 126.0, 125.8, 102.0, 109.1, 120.0, 99.0, 124.7, 118.0, 124.0, 109.6, 129.0, 136.2, 115.0, 128.3, 117.9, 125.0, 103.1, 125.0, 130.5, 99.0, 109.2, 103.1, 120.2, 114.0, 116.0, 104.8, 126.7, 117.6, 113.0]","[99.0, 104.3, 116.1, 123.8, 110.9, 118.0, 94.1, 109.9, 125.2, 113.9, 113.1, 119.1, 122.8, 117.0, 142.6, 109.8, 115.0, 128.4, 121.0, 125.0, 125.3, 120.4, 117.9, 131.0, 95.1, 109.7, 101.0, 134.4, 104.0, 118.5, 101.0, 126.7, 127.4, 131.2, 109.5, 91.3, 126.0, 94.9, 126.5, 124.0, 112.6, 102.9, 115.2, 123.8, 115.2]","[104.0, 92.0, 92.0, 101.0, 100.0, 90.0, 102.0, 100.0, 107.0, 100.0, 100.0, 93.0, 103.0, 93.0, 101.0, 102.0, 100.0, 93.0, 100.0, 99.0, 100.0, 102.0, 93.0, 100.0, 100.0, 104.0, 100.0, 94.0, 100.0, 92.0, 95.0, 116.0, 96.0, 92.0, 95.0, 103.0, 98.0, 97.0, 104.0, 100.0, 94.0, 104.0, 105.0, 102.0, 100.0]",45,40.0,23
NYK,New York Knicks,"[Timestamp('2024-01-27 00:00:00'), Timestamp('2024-01-25 00:00:00'), Timestamp('2024-01-23 00:00:00'), Timestamp('2024-01-20 00:00:00'), Timestamp('2024-01-18 00:00:00'), Timestamp('2024-01-17 00:00:00'), Timestamp('2024-01-15 00:00:00'), Timestamp('2024-01-13 00:00:00'), Timestamp('2024-01-11 00:00:00'), Timestamp('2024-01-09 00:00:00'), Timestamp('2024-01-06 00:00:00'), Timestamp('2024-01-05 00:00:00'), Timestamp('2024-01-03 00:00:00'), Timestamp('2024-01-01 00:00:00'), Timestamp('2023-12-30 00:00:00'), Timestamp('2023-12-29 00:00:00'), Timestamp('2023-12-27 00:00:00'), Timestamp('2023-12-25 00:00:00'), Timestamp('2023-12-23 00:00:00'), Timestamp('2023-12-20 00:00:00'), Timestamp('2023-12-18 00:00:00'), Timestamp('2023-12-16 00:00:00'), Timestamp('2023-12-15 00:00:00'), Timestamp('2023-12-13 00:00:00'), Timestamp('2023-12-11 00:00:00'), Timestamp('2023-12-08 00:00:00'), Timestamp('2023-12-05 00:00:00'), Timestamp('2023-12-01 00:00:00'), Timestamp('2023-11-30 00:00:00'), Timestamp('2023-11-28 00:00:00'), Timestamp('2023-11-26 00:00:00'), Timestamp('2023-11-24 00:00:00'), Timestamp('2023-11-20 00:00:00'), Timestamp('2023-11-18 00:00:00'), Timestamp('2023-11-17 00:00:00'), Timestamp('2023-11-15 00:00:00'), Timestamp('2023-11-13 00:00:00'), Timestamp('2023-11-12 00:00:00'), Timestamp('2023-11-08 00:00:00'), Timestamp('2023-11-06 00:00:00'), Timestamp('2023-11-03 00:00:00'), Timestamp('2023-11-01 00:00:00'), Timestamp('2023-10-31 00:00:00'), Timestamp('2023-10-28 00:00:00'), Timestamp('2023-10-27 00:00:00'), Timestamp('2023-10-25 00:00:00')]",29,17,"[133.0, 132.6, 116.1, 123.5, 109.7, 114.7, 106.8, 108.2, 125.3, 116.7, 118.6, 128.0, 120.8, 115.5, 124.8, 103.8, 120.0, 129.0, 107.8, 121.0, 111.8, 120.8, 143.3, 109.7, 136.0, 125.5, 119.6, 122.7, 119.2, 119.8, 124.2, 102.0, 100.0, 127.1, 127.7, 120.8, 115.3, 138.7, 128.6, 115.6, 104.0, 92.7, 112.4, 87.0, 118.9, 107.2]","[116.0, 91.3, 112.0, 98.0, 104.8, 98.9, 114.0, 94.9, 128.0, 88.4, 105.0, 92.0, 105.3, 110.4, 137.3, 111.4, 127.7, 122.0, 126.2, 102.0, 106.9, 141.2, 124.5, 113.6, 131.3, 134.3, 143.1, 109.3, 113.1, 95.8, 127.5, 99.0, 118.2, 112.5, 106.5, 120.0, 129.5, 113.8, 107.1, 100.0, 110.0, 97.9, 94.8, 95.0, 111.1, 112.5]","[94.0, 92.0, 93.0, 102.0, 103.0, 95.0, 88.0, 98.0, 99.0, 96.0, 102.0, 100.0, 96.0, 97.0, 101.0, 104.0, 100.0, 100.0, 103.0, 100.0, 102.0, 101.0, 97.0, 103.0, 100.0, 98.0, 102.0, 97.0, 99.0, 96.0, 91.0, 98.0, 100.0, 96.0, 94.0, 96.0, 85.0, 93.0, 98.0, 96.0, 101.0, 96.0, 97.0, 100.0, 106.0, 97.0]",46,63.04347826086957,8
ORL,Orlando Magic,"[Timestamp('2024-01-28 00:00:00'), Timestamp('2024-01-26 00:00:00'), Timestamp('2024-01-22 00:00:00'), Timestamp('2024-01-21 00:00:00'), Timestamp('2024-01-19 00:00:00'), Timestamp('2024-01-17 00:00:00'), Timestamp('2024-01-15 00:00:00'), Timestamp('2024-01-13 00:00:00'), Timestamp('2024-01-12 00:00:00'), Timestamp('2024-01-09 00:00:00'), Timestamp('2024-01-07 00:00:00'), Timestamp('2024-01-05 00:00:00'), Timestamp('2024-01-03 00:00:00'), Timestamp('2024-01-02 00:00:00'), Timestamp('2023-12-31 00:00:00'), Timestamp('2023-12-29 00:00:00'), Timestamp('2023-12-27 00:00:00'), Timestamp('2023-12-26 00:00:00'), Timestamp('2023-12-23 00:00:00'), Timestamp('2023-12-21 00:00:00'), Timestamp('2023-12-20 00:00:00'), Timestamp('2023-12-17 00:00:00'), Timestamp('2023-12-15 00:00:00'), Timestamp('2023-12-11 00:00:00'), Timestamp('2023-12-08 00:00:00'), Timestamp('2023-12-06 00:00:00'), Timestamp('2023-12-02 00:00:00'), Timestamp('2023-12-01 00:00:00'), Timestamp('2023-11-29 00:00:00'), Timestamp('2023-11-26 00:00:00'), Timestamp('2023-11-24 00:00:00'), Timestamp('2023-11-22 00:00:00'), Timestamp('2023-11-21 00:00:00'), Timestamp('2023-11-19 00:00:00'), Timestamp('2023-11-17 00:00:00'), Timestamp('2023-11-15 00:00:00'), Timestamp('2023-11-14 00:00:00'), Timestamp('2023-11-11 00:00:00'), Timestamp('2023-11-09 00:00:00'), Timestamp('2023-11-06 00:00:00'), Timestamp('2023-11-04 00:00:00'), Timestamp('2023-11-02 00:00:00'), Timestamp('2023-10-31 00:00:00'), Timestamp('2023-10-30 00:00:00'), Timestamp('2023-10-27 00:00:00'), Timestamp('2023-10-25 00:00:00')]",24,22,"[115.3, 112.8, 106.5, 115.4, 117.2, 107.2, 114.0, 101.0, 104.3, 92.9, 109.3, 119.6, 116.4, 117.3, 110.3, 111.4, 94.8, 118.7, 124.5, 110.7, 110.4, 99.0, 113.3, 113.0, 123.0, 107.8, 101.0, 123.8, 133.7, 123.8, 111.9, 130.5, 124.8, 117.4, 108.4, 98.0, 109.5, 113.1, 114.4, 103.0, 123.7, 107.5, 98.1, 104.0, 106.3, 120.8]","[100.0, 113.8, 135.5, 95.6, 131.9, 110.4, 106.8, 114.3, 108.8, 114.1, 103.8, 116.5, 116.9, 122.2, 115.5, 103.8, 115.5, 111.2, 114.6, 113.5, 122.3, 115.2, 129.3, 102.2, 91.0, 119.8, 129.0, 119.0, 117.6, 110.4, 96.0, 124.0, 104.9, 107.4, 100.0, 95.9, 130.5, 97.0, 115.4, 118.2, 103.1, 105.6, 112.4, 107.1, 101.0, 90.5]","[98.0, 94.0, 93.0, 91.0, 93.0, 97.0, 86.0, 99.0, 92.0, 99.0, 107.0, 102.0, 116.0, 98.0, 97.0, 105.0, 97.0, 107.0, 94.0, 103.0, 96.0, 98.0, 98.0, 92.0, 100.0, 103.0, 100.0, 105.0, 104.0, 105.0, 101.0, 95.0, 101.0, 109.0, 95.0, 98.0, 95.0, 99.0, 104.0, 99.0, 97.0, 107.0, 104.0, 99.0, 96.0, 96.0]",46,52.17391304347826,15
IND,Indiana Pacers,"[Timestamp('2024-01-28 00:00:00'), Timestamp('2024-01-26 00:00:00'), Timestamp('2024-01-25 00:00:00'), Timestamp('2024-01-23 00:00:00'), Timestamp('2024-01-21 00:00:00'), Timestamp('2024-01-19 00:00:00'), Timestamp('2024-01-18 00:00:00'), Timestamp('2024-01-15 00:00:00'), Timestamp('2024-01-14 00:00:00'), Timestamp('2024-01-12 00:00:00'), Timestamp('2024-01-10 00:00:00'), Timestamp('2024-01-08 00:00:00'), Timestamp('2024-01-06 00:00:00'), Timestamp('2024-01-05 00:00:00'), Timestamp('2024-01-03 00:00:00'), Timestamp('2024-01-01 00:00:00'), Timestamp('2023-12-30 00:00:00'), Timestamp('2023-12-28 00:00:00'), Timestamp('2023-12-26 00:00:00'), Timestamp('2023-12-23 00:00:00'), Timestamp('2023-12-21 00:00:00'), Timestamp('2023-12-20 00:00:00'), Timestamp('2023-12-18 00:00:00'), Timestamp('2023-12-16 00:00:00'), Timestamp('2023-12-15 00:00:00'), Timestamp('2023-12-13 00:00:00'), Timestamp('2023-12-11 00:00:00'), Timestamp('2023-12-07 00:00:00'), Timestamp('2023-12-04 00:00:00'), Timestamp('2023-12-02 00:00:00'), Timestamp('2023-11-30 00:00:00'), Timestamp('2023-11-27 00:00:00'), Timestamp('2023-11-24 00:00:00'), Timestamp('2023-11-22 00:00:00'), Timestamp('2023-11-21 00:00:00'), Timestamp('2023-11-19 00:00:00'), Timestamp('2023-11-14 00:00:00'), Timestamp('2023-11-12 00:00:00'), Timestamp('2023-11-09 00:00:00'), Timestamp('2023-11-08 00:00:00'), Timestamp('2023-11-06 00:00:00'), Timestamp('2023-11-04 00:00:00'), Timestamp('2023-11-03 00:00:00'), Timestamp('2023-11-01 00:00:00'), Timestamp('2023-10-30 00:00:00'), Timestamp('2023-10-28 00:00:00'), Timestamp('2023-10-25 00:00:00')]",27,20,"[120.8, 126.7, 124.1, 113.5, 111.1, 111.7, 126.0, 102.9, 109.0, 126.0, 109.8, 129.1, 100.0, 141.5, 132.7, 117.3, 137.3, 121.2, 120.6, 114.6, 104.0, 145.5, 123.3, 109.0, 109.8, 113.5, 123.6, 121.9, 119.6, 146.9, 123.4, 105.8, 137.4, 123.6, 144.0, 107.4, 122.2, 126.0, 124.8, 126.4, 143.4, 125.3, 118.6, 97.2, 101.9, 127.6, 128.8]","[114.6, 124.8, 114.0, 121.3, 117.0, 118.0, 121.0, 130.7, 117.0, 108.0, 103.0, 128.4, 116.8, 108.4, 122.6, 108.7, 124.8, 104.0, 114.7, 124.5, 118.4, 115.3, 145.2, 128.3, 122.3, 126.1, 118.3, 112.3, 108.7, 131.6, 134.0, 108.6, 114.1, 123.4, 140.7, 117.4, 114.5, 137.0, 121.6, 111.3, 103.7, 127.6, 112.6, 144.9, 108.7, 114.1, 109.1]","[96.0, 105.0, 108.0, 96.0, 99.0, 103.0, 100.0, 102.0, 100.0, 100.0, 102.0, 103.0, 101.0, 106.0, 107.0, 104.0, 102.0, 99.0, 102.0, 96.0, 99.0, 99.0, 103.0, 100.0, 112.0, 111.0, 106.0, 105.0, 102.0, 98.0, 107.0, 104.0, 99.0, 106.0, 109.0, 108.0, 108.0, 100.0, 101.0, 106.0, 106.0, 99.0, 102.0, 107.0, 103.0, 98.0, 111.0]",47,57.446808510638306,11
PHI,Philadelphia 76ers,"[Timestamp('2024-01-27 00:00:00'), Timestamp('2024-01-25 00:00:00'), Timestamp('2024-01-22 00:00:00'), Timestamp('2024-01-20 00:00:00'), Timestamp('2024-01-19 00:00:00'), Timestamp('2024-01-16 00:00:00'), Timestamp('2024-01-15 00:00:00'), Timestamp('2024-01-12 00:00:00'), Timestamp('2024-01-10 00:00:00'), Timestamp('2024-01-06 00:00:00'), Timestamp('2024-01-05 00:00:00'), Timestamp('2024-01-02 00:00:00'), Timestamp('2023-12-30 00:00:00'), Timestamp('2023-12-29 00:00:00'), Timestamp('2023-12-27 00:00:00'), Timestamp('2023-12-25 00:00:00'), Timestamp('2023-12-22 00:00:00'), Timestamp('2023-12-20 00:00:00'), Timestamp('2023-12-18 00:00:00'), Timestamp('2023-12-16 00:00:00'), Timestamp('2023-12-15 00:00:00'), Timestamp('2023-12-13 00:00:00'), Timestamp('2023-12-11 00:00:00'), Timestamp('2023-12-08 00:00:00'), Timestamp('2023-12-06 00:00:00'), Timestamp('2023-12-01 00:00:00'), Timestamp('2023-11-29 00:00:00'), Timestamp('2023-11-27 00:00:00'), Timestamp('2023-11-25 00:00:00'), Timestamp('2023-11-22 00:00:00'), Timestamp('2023-11-21 00:00:00'), Timestamp('2023-11-19 00:00:00'), Timestamp('2023-11-17 00:00:00'), Timestamp('2023-11-15 00:00:00'), Timestamp('2023-11-14 00:00:00'), Timestamp('2023-11-12 00:00:00'), Timestamp('2023-11-10 00:00:00'), Timestamp('2023-11-08 00:00:00'), Timestamp('2023-11-06 00:00:00'), Timestamp('2023-11-04 00:00:00'), Timestamp('2023-11-02 00:00:00'), Timestamp('2023-10-29 00:00:00'), Timestamp('2023-10-28 00:00:00'), Timestamp('2023-10-26 00:00:00')]",29,15,"[112.9, 114.0, 135.7, 99.0, 131.9, 134.0, 127.8, 116.7, 117.9, 106.9, 92.0, 107.8, 100.0, 135.1, 115.5, 111.9, 121.0, 125.7, 108.3, 137.8, 120.4, 125.2, 133.9, 126.3, 126.0, 115.5, 116.3, 142.3, 129.6, 102.1, 110.2, 127.4, 128.6, 115.1, 114.5, 137.0, 116.3, 103.9, 131.5, 113.1, 117.5, 122.3, 121.3, 112.5]","[118.1, 124.1, 124.2, 90.8, 117.2, 131.5, 119.8, 96.9, 124.1, 117.6, 128.0, 94.2, 114.1, 129.6, 94.8, 117.8, 109.9, 113.0, 113.7, 82.0, 88.5, 107.8, 91.8, 114.0, 120.0, 121.4, 122.8, 97.9, 126.8, 115.5, 111.9, 103.1, 117.2, 125.8, 122.2, 126.0, 108.2, 100.0, 115.3, 101.0, 103.1, 95.1, 116.3, 112.4]","[93.0, 107.0, 98.0, 98.0, 94.0, 94.0, 97.0, 96.0, 112.0, 102.0, 100.0, 102.0, 92.0, 97.0, 97.0, 101.0, 100.0, 101.0, 96.0, 98.0, 103.0, 103.0, 109.0, 99.0, 104.0, 103.0, 98.0, 97.0, 98.0, 97.0, 108.0, 95.0, 98.0, 93.0, 110.0, 100.0, 98.0, 102.0, 111.0, 99.0, 97.0, 103.0, 94.0, 104.0]",44,65.9090909090909,7
PHX,Phoenix Suns,"[Timestamp('2024-01-28 00:00:00'), Timestamp('2024-01-26 00:00:00'), Timestamp('2024-01-24 00:00:00'), Timestamp('2024-01-22 00:00:00'), Timestamp('2024-01-21 00:00:00'), Timestamp('2024-01-19 00:00:00'), Timestamp('2024-01-16 00:00:00'), Timestamp('2024-01-14 00:00:00'), Timestamp('2024-01-11 00:00:00'), Timestamp('2024-01-08 00:00:00'), Timestamp('2024-01-07 00:00:00'), Timestamp('2024-01-05 00:00:00'), Timestamp('2024-01-03 00:00:00'), Timestamp('2024-01-01 00:00:00'), Timestamp('2023-12-31 00:00:00'), Timestamp('2023-12-29 00:00:00'), Timestamp('2023-12-27 00:00:00'), Timestamp('2023-12-25 00:00:00'), Timestamp('2023-12-22 00:00:00'), Timestamp('2023-12-19 00:00:00'), Timestamp('2023-12-17 00:00:00'), Timestamp('2023-12-15 00:00:00'), Timestamp('2023-12-13 00:00:00'), Timestamp('2023-12-12 00:00:00'), Timestamp('2023-12-08 00:00:00'), Timestamp('2023-12-05 00:00:00'), Timestamp('2023-12-02 00:00:00'), Timestamp('2023-12-01 00:00:00'), Timestamp('2023-11-29 00:00:00'), Timestamp('2023-11-26 00:00:00'), Timestamp('2023-11-24 00:00:00'), Timestamp('2023-11-22 00:00:00'), Timestamp('2023-11-21 00:00:00'), Timestamp('2023-11-19 00:00:00'), Timestamp('2023-11-17 00:00:00'), Timestamp('2023-11-15 00:00:00'), Timestamp('2023-11-12 00:00:00'), Timestamp('2023-11-10 00:00:00'), Timestamp('2023-11-08 00:00:00'), Timestamp('2023-11-05 00:00:00'), Timestamp('2023-11-04 00:00:00'), Timestamp('2023-11-02 00:00:00'), Timestamp('2023-10-31 00:00:00'), Timestamp('2023-10-28 00:00:00'), Timestamp('2023-10-26 00:00:00'), Timestamp('2023-10-24 00:00:00')]",26,20,"[100.0, 124.8, 133.3, 121.1, 117.0, 120.6, 115.5, 133.7, 125.7, 114.4, 108.5, 118.9, 129.8, 107.9, 115.5, 143.0, 127.7, 111.8, 106.1, 103.0, 108.7, 124.5, 117.9, 114.4, 109.3, 105.1, 113.7, 114.4, 109.4, 127.5, 118.3, 123.0, 131.9, 120.7, 133.7, 146.2, 103.1, 120.2, 106.4, 121.2, 101.0, 122.2, 114.0, 124.8, 90.5, 106.9]","[115.3, 126.7, 109.0, 117.7, 111.1, 107.9, 113.6, 119.6, 107.9, 140.8, 114.2, 103.2, 139.4, 87.1, 110.3, 125.3, 113.0, 126.7, 122.4, 106.9, 104.9, 143.3, 124.7, 112.6, 116.3, 109.3, 105.8, 124.0, 115.5, 124.2, 95.7, 113.9, 116.3, 118.1, 132.0, 125.0, 115.6, 123.2, 105.5, 108.2, 113.1, 130.7, 113.9, 104.0, 96.2, 102.0]","[98.0, 105.0, 99.0, 95.0, 100.0, 102.0, 103.0, 95.0, 101.0, 97.0, 106.0, 95.0, 94.0, 101.0, 97.0, 93.0, 101.0, 102.0, 99.0, 101.0, 103.0, 98.0, 95.0, 104.0, 97.0, 98.0, 102.0, 97.0, 96.0, 91.0, 93.0, 100.0, 91.0, 116.0, 98.0, 91.0, 96.0, 99.0, 109.0, 99.0, 99.0, 99.0, 100.0, 101.0, 105.0, 101.0]",46,56.52173913043478,12
POR,Portland Trail Blazers,"[Timestamp('2024-01-28 00:00:00'), Timestamp('2024-01-26 00:00:00'), Timestamp('2024-01-24 00:00:00'), Timestamp('2024-01-23 00:00:00'), Timestamp('2024-01-21 00:00:00'), Timestamp('2024-01-19 00:00:00'), Timestamp('2024-01-17 00:00:00'), Timestamp('2024-01-14 00:00:00'), Timestamp('2024-01-12 00:00:00'), Timestamp('2024-01-11 00:00:00'), Timestamp('2024-01-09 00:00:00'), Timestamp('2024-01-07 00:00:00'), Timestamp('2024-01-05 00:00:00'), Timestamp('2024-01-03 00:00:00'), Timestamp('2024-01-01 00:00:00'), Timestamp('2023-12-29 00:00:00'), Timestamp('2023-12-28 00:00:00'), Timestamp('2023-12-26 00:00:00'), Timestamp('2023-12-23 00:00:00'), Timestamp('2023-12-21 00:00:00'), Timestamp('2023-12-19 00:00:00'), Timestamp('2023-12-17 00:00:00'), Timestamp('2023-12-16 00:00:00'), Timestamp('2023-12-14 00:00:00'), Timestamp('2023-12-11 00:00:00'), Timestamp('2023-12-08 00:00:00'), Timestamp('2023-12-06 00:00:00'), Timestamp('2023-12-02 00:00:00'), Timestamp('2023-11-30 00:00:00'), Timestamp('2023-11-27 00:00:00'), Timestamp('2023-11-26 00:00:00'), Timestamp('2023-11-22 00:00:00'), Timestamp('2023-11-21 00:00:00'), Timestamp('2023-11-19 00:00:00'), Timestamp('2023-11-17 00:00:00'), Timestamp('2023-11-15 00:00:00'), Timestamp('2023-11-14 00:00:00'), Timestamp('2023-11-12 00:00:00'), Timestamp('2023-11-08 00:00:00'), Timestamp('2023-11-05 00:00:00'), Timestamp('2023-11-03 00:00:00'), Timestamp('2023-11-01 00:00:00'), Timestamp('2023-10-30 00:00:00'), Timestamp('2023-10-29 00:00:00'), Timestamp('2023-10-27 00:00:00'), Timestamp('2023-10-25 00:00:00')]",13,32,"[102.1, 96.2, 130.5, 107.9, 108.9, 118.0, 118.0, 119.6, 93.9, 75.5, 88.4, 125.2, 94.5, 93.3, 87.1, 130.1, 104.0, 134.0, 108.2, 117.0, 106.9, 118.8, 115.4, 120.0, 130.9, 107.7, 106.0, 107.6, 108.4, 108.6, 99.0, 122.2, 116.3, 95.8, 99.0, 101.1, 98.0, 108.9, 110.3, 100.0, 107.5, 104.8, 106.5, 95.1, 101.0, 112.1]","[109.5, 111.5, 126.0, 108.8, 131.4, 111.7, 114.4, 133.7, 117.2, 137.6, 116.7, 118.7, 127.5, 121.2, 107.9, 123.1, 118.0, 117.7, 127.3, 119.2, 103.0, 121.6, 126.0, 128.4, 136.1, 121.4, 111.1, 112.4, 100.0, 105.8, 105.9, 107.1, 131.9, 141.1, 110.3, 114.7, 113.9, 114.9, 111.0, 114.3, 104.6, 95.3, 97.8, 122.3, 106.3, 124.2]","[94.0, 104.0, 105.0, 101.0, 101.0, 100.0, 89.0, 97.0, 99.0, 102.0, 95.0, 107.0, 109.0, 104.0, 101.0, 103.0, 101.0, 97.0, 98.0, 100.0, 102.0, 96.0, 104.0, 95.0, 97.0, 104.0, 100.0, 105.0, 95.0, 105.0, 103.0, 99.0, 92.0, 95.0, 96.0, 94.0, 101.0, 101.0, 107.0, 100.0, 107.0, 105.0, 93.0, 103.0, 96.0, 99.0]",45,28.888888888888886,26
SAC,Sacramento Kings,"[Timestamp('2024-01-27 00:00:00'), Timestamp('2024-01-25 00:00:00'), Timestamp('2024-01-22 00:00:00'), Timestamp('2024-01-18 00:00:00'), Timestamp('2024-01-16 00:00:00'), Timestamp('2024-01-14 00:00:00'), Timestamp('2024-01-12 00:00:00'), Timestamp('2024-01-10 00:00:00'), Timestamp('2024-01-09 00:00:00'), Timestamp('2024-01-07 00:00:00'), Timestamp('2024-01-05 00:00:00'), Timestamp('2024-01-03 00:00:00'), Timestamp('2024-01-02 00:00:00'), Timestamp('2023-12-31 00:00:00'), Timestamp('2023-12-29 00:00:00'), Timestamp('2023-12-26 00:00:00'), Timestamp('2023-12-23 00:00:00'), Timestamp('2023-12-22 00:00:00'), Timestamp('2023-12-20 00:00:00'), Timestamp('2023-12-18 00:00:00'), Timestamp('2023-12-16 00:00:00'), Timestamp('2023-12-14 00:00:00'), Timestamp('2023-12-12 00:00:00'), Timestamp('2023-12-11 00:00:00'), Timestamp('2023-12-08 00:00:00'), Timestamp('2023-12-04 00:00:00'), Timestamp('2023-12-02 00:00:00'), Timestamp('2023-11-29 00:00:00'), Timestamp('2023-11-28 00:00:00'), Timestamp('2023-11-24 00:00:00'), Timestamp('2023-11-22 00:00:00'), Timestamp('2023-11-20 00:00:00'), Timestamp('2023-11-19 00:00:00'), Timestamp('2023-11-17 00:00:00'), Timestamp('2023-11-15 00:00:00'), Timestamp('2023-11-13 00:00:00'), Timestamp('2023-11-10 00:00:00'), Timestamp('2023-11-08 00:00:00'), Timestamp('2023-11-06 00:00:00'), Timestamp('2023-11-04 00:00:00'), Timestamp('2023-11-01 00:00:00'), Timestamp('2023-10-29 00:00:00'), Timestamp('2023-10-27 00:00:00'), Timestamp('2023-10-25 00:00:00')]",26,18,"[120.0, 136.7, 118.4, 121.0, 113.6, 124.6, 96.9, 129.5, 127.2, 105.3, 129.8, 116.9, 102.0, 123.0, 117.0, 117.7, 102.1, 122.4, 124.0, 134.9, 127.6, 118.5, 97.1, 131.0, 116.3, 119.4, 115.0, 117.0, 118.1, 122.8, 112.0, 93.0, 134.4, 121.7, 114.7, 137.5, 105.0, 111.0, 104.3, 94.7, 103.1, 116.8, 108.6, 123.8]","[115.0, 137.1, 103.9, 126.0, 115.5, 126.5, 116.7, 103.2, 106.8, 138.5, 125.0, 116.4, 108.8, 92.0, 110.0, 134.0, 113.4, 106.1, 151.6, 124.8, 105.1, 112.8, 115.5, 118.0, 109.3, 127.0, 109.3, 133.7, 116.0, 109.9, 118.2, 129.0, 114.1, 112.1, 100.9, 126.3, 99.0, 110.3, 131.2, 111.5, 105.2, 111.4, 117.3, 108.6]","[100.0, 98.0, 103.0, 100.0, 103.0, 114.0, 96.0, 95.0, 103.0, 95.0, 104.0, 118.0, 102.0, 100.0, 100.0, 96.0, 96.0, 98.0, 96.0, 106.0, 98.0, 108.0, 102.0, 100.0, 98.0, 98.0, 107.0, 100.0, 105.0, 101.0, 100.0, 100.0, 96.0, 106.0, 109.0, 96.0, 100.0, 109.0, 93.0, 94.0, 98.0, 113.0, 105.0, 105.0]",44,59.09090909090909,10
SAS,San Antonio Spurs,"[Timestamp('2024-01-27 00:00:00'), Timestamp('2024-01-26 00:00:00'), Timestamp('2024-01-24 00:00:00'), Timestamp('2024-01-22 00:00:00'), Timestamp('2024-01-20 00:00:00'), Timestamp('2024-01-19 00:00:00'), Timestamp('2024-01-17 00:00:00'), Timestamp('2024-01-15 00:00:00'), Timestamp('2024-01-13 00:00:00'), Timestamp('2024-01-12 00:00:00'), Timestamp('2024-01-10 00:00:00'), Timestamp('2024-01-07 00:00:00'), Timestamp('2024-01-04 00:00:00'), Timestamp('2024-01-02 00:00:00'), Timestamp('2023-12-31 00:00:00'), Timestamp('2023-12-29 00:00:00'), Timestamp('2023-12-28 00:00:00'), Timestamp('2023-12-26 00:00:00'), Timestamp('2023-12-23 00:00:00'), Timestamp('2023-12-21 00:00:00'), Timestamp('2023-12-19 00:00:00'), Timestamp('2023-12-17 00:00:00'), Timestamp('2023-12-15 00:00:00'), Timestamp('2023-12-13 00:00:00'), Timestamp('2023-12-11 00:00:00'), Timestamp('2023-12-08 00:00:00'), Timestamp('2023-12-06 00:00:00'), Timestamp('2023-12-01 00:00:00'), Timestamp('2023-11-30 00:00:00'), Timestamp('2023-11-26 00:00:00'), Timestamp('2023-11-24 00:00:00'), Timestamp('2023-11-22 00:00:00'), Timestamp('2023-11-20 00:00:00'), Timestamp('2023-11-18 00:00:00'), Timestamp('2023-11-17 00:00:00'), Timestamp('2023-11-14 00:00:00'), Timestamp('2023-11-12 00:00:00'), Timestamp('2023-11-10 00:00:00'), Timestamp('2023-11-08 00:00:00'), Timestamp('2023-11-06 00:00:00'), Timestamp('2023-11-05 00:00:00'), Timestamp('2023-11-02 00:00:00'), Timestamp('2023-10-31 00:00:00'), Timestamp('2023-10-29 00:00:00'), Timestamp('2023-10-27 00:00:00'), Timestamp('2023-10-25 00:00:00')]",10,36,"[122.8, 111.5, 111.8, 124.2, 121.3, 123.7, 100.0, 90.0, 117.2, 128.6, 132.7, 117.3, 116.3, 100.0, 97.1, 123.1, 118.0, 113.5, 108.2, 96.0, 108.2, 100.9, 130.3, 108.2, 80.4, 117.9, 94.0, 106.0, 123.9, 114.3, 104.7, 99.0, 100.0, 111.3, 112.1, 82.1, 114.1, 104.8, 107.1, 103.7, 106.4, 130.7, 113.9, 79.8, 113.5, 111.2]","[121.7, 96.2, 135.9, 135.7, 117.6, 127.8, 119.4, 100.0, 122.0, 95.2, 109.1, 119.4, 120.2, 108.2, 127.6, 130.1, 104.0, 126.2, 132.1, 116.3, 120.0, 135.2, 115.0, 110.9, 92.1, 127.4, 101.0, 121.0, 124.5, 125.7, 110.3, 106.9, 122.8, 122.4, 121.7, 116.0, 118.0, 111.4, 128.6, 143.4, 113.9, 122.2, 114.0, 119.4, 109.9, 117.8]","[92.0, 104.0, 102.0, 99.0, 108.0, 97.0, 98.0, 110.0, 99.0, 105.0, 98.0, 98.0, 104.0, 98.0, 104.0, 104.0, 100.0, 104.0, 110.0, 99.0, 110.0, 109.0, 99.0, 110.0, 102.0, 95.0, 100.0, 100.0, 109.0, 105.0, 107.0, 103.0, 99.0, 97.0, 107.0, 106.0, 99.0, 105.0, 98.0, 107.0, 109.0, 101.0, 101.0, 104.0, 111.0, 107.0]",46,21.73913043478261,28
OKC,Oklahoma City Thunder,"[Timestamp('2024-01-28 00:00:00'), Timestamp('2024-01-26 00:00:00'), Timestamp('2024-01-24 00:00:00'), Timestamp('2024-01-23 00:00:00'), Timestamp('2024-01-20 00:00:00'), Timestamp('2024-01-18 00:00:00'), Timestamp('2024-01-16 00:00:00'), Timestamp('2024-01-15 00:00:00'), Timestamp('2024-01-13 00:00:00'), Timestamp('2024-01-11 00:00:00'), Timestamp('2024-01-10 00:00:00'), Timestamp('2024-01-08 00:00:00'), Timestamp('2024-01-05 00:00:00'), Timestamp('2024-01-03 00:00:00'), Timestamp('2024-01-02 00:00:00'), Timestamp('2023-12-31 00:00:00'), Timestamp('2023-12-29 00:00:00'), Timestamp('2023-12-27 00:00:00'), Timestamp('2023-12-26 00:00:00'), Timestamp('2023-12-23 00:00:00'), Timestamp('2023-12-21 00:00:00'), Timestamp('2023-12-18 00:00:00'), Timestamp('2023-12-16 00:00:00'), Timestamp('2023-12-14 00:00:00'), Timestamp('2023-12-11 00:00:00'), Timestamp('2023-12-08 00:00:00'), Timestamp('2023-12-06 00:00:00'), Timestamp('2023-12-02 00:00:00'), Timestamp('2023-11-30 00:00:00'), Timestamp('2023-11-28 00:00:00'), Timestamp('2023-11-25 00:00:00'), Timestamp('2023-11-22 00:00:00'), Timestamp('2023-11-19 00:00:00'), Timestamp('2023-11-18 00:00:00'), Timestamp('2023-11-16 00:00:00'), Timestamp('2023-11-14 00:00:00'), Timestamp('2023-11-12 00:00:00'), Timestamp('2023-11-10 00:00:00'), Timestamp('2023-11-08 00:00:00'), Timestamp('2023-11-06 00:00:00'), Timestamp('2023-11-03 00:00:00'), Timestamp('2023-11-01 00:00:00'), Timestamp('2023-10-30 00:00:00'), Timestamp('2023-10-29 00:00:00'), Timestamp('2023-10-27 00:00:00'), Timestamp('2023-10-25 00:00:00')]",32,14,"[106.1, 108.1, 135.9, 108.8, 106.3, 127.6, 124.5, 105.0, 114.3, 137.6, 128.0, 132.0, 113.9, 129.0, 127.0, 122.8, 119.0, 127.7, 127.7, 122.4, 134.0, 109.4, 120.4, 112.8, 127.6, 120.0, 103.1, 122.3, 127.9, 103.0, 126.8, 123.4, 141.1, 117.1, 128.0, 116.0, 115.6, 99.0, 123.1, 118.9, 132.4, 101.9, 119.2, 97.9, 102.9, 124.0]","[123.7, 83.8, 111.8, 107.9, 99.0, 122.9, 137.6, 114.3, 101.0, 75.5, 118.8, 125.5, 124.0, 131.8, 124.2, 104.9, 93.0, 120.0, 106.0, 129.0, 112.7, 91.5, 118.2, 118.5, 113.2, 119.3, 111.1, 115.4, 104.8, 106.0, 129.6, 107.4, 95.8, 109.8, 110.1, 82.1, 103.1, 105.0, 115.4, 109.3, 133.0, 105.8, 108.7, 134.7, 100.0, 105.1]","[98.0, 99.0, 103.0, 102.0, 96.0, 105.0, 94.0, 100.0, 98.0, 101.0, 100.0, 103.0, 101.0, 107.0, 100.0, 101.0, 100.0, 101.0, 101.0, 98.0, 100.0, 106.0, 98.0, 109.0, 105.0, 115.0, 98.0, 103.0, 104.0, 100.0, 97.0, 94.0, 95.0, 111.0, 100.0, 106.0, 96.0, 99.0, 104.0, 106.0, 105.0, 104.0, 104.0, 97.0, 105.0, 100.0]",46,69.56521739130434,2
TOR,Toronto Raptors,"[Timestamp('2024-01-28 00:00:00'), Timestamp('2024-01-26 00:00:00'), Timestamp('2024-01-22 00:00:00'), Timestamp('2024-01-20 00:00:00'), Timestamp('2024-01-18 00:00:00'), Timestamp('2024-01-17 00:00:00'), Timestamp('2024-01-15 00:00:00'), Timestamp('2024-01-12 00:00:00'), Timestamp('2024-01-10 00:00:00'), Timestamp('2024-01-09 00:00:00'), Timestamp('2024-01-07 00:00:00'), Timestamp('2024-01-05 00:00:00'), Timestamp('2024-01-03 00:00:00'), Timestamp('2024-01-01 00:00:00'), Timestamp('2023-12-30 00:00:00'), Timestamp('2023-12-29 00:00:00'), Timestamp('2023-12-27 00:00:00'), Timestamp('2023-12-23 00:00:00'), Timestamp('2023-12-22 00:00:00'), Timestamp('2023-12-20 00:00:00'), Timestamp('2023-12-18 00:00:00'), Timestamp('2023-12-15 00:00:00'), Timestamp('2023-12-13 00:00:00'), Timestamp('2023-12-11 00:00:00'), Timestamp('2023-12-08 00:00:00'), Timestamp('2023-12-06 00:00:00'), Timestamp('2023-12-01 00:00:00'), Timestamp('2023-11-29 00:00:00'), Timestamp('2023-11-28 00:00:00'), Timestamp('2023-11-26 00:00:00'), Timestamp('2023-11-24 00:00:00'), Timestamp('2023-11-22 00:00:00'), Timestamp('2023-11-21 00:00:00'), Timestamp('2023-11-19 00:00:00'), Timestamp('2023-11-17 00:00:00'), Timestamp('2023-11-15 00:00:00'), Timestamp('2023-11-13 00:00:00'), Timestamp('2023-11-11 00:00:00'), Timestamp('2023-11-08 00:00:00'), Timestamp('2023-11-05 00:00:00'), Timestamp('2023-11-02 00:00:00'), Timestamp('2023-11-01 00:00:00'), Timestamp('2023-10-30 00:00:00'), Timestamp('2023-10-28 00:00:00'), Timestamp('2023-10-27 00:00:00'), Timestamp('2023-10-25 00:00:00')]",16,30,"[121.4, 105.9, 105.3, 98.0, 113.4, 130.1, 94.1, 111.9, 125.0, 124.8, 134.3, 125.0, 113.7, 121.6, 123.3, 120.4, 126.9, 121.4, 109.9, 110.6, 118.8, 104.0, 133.7, 131.3, 117.2, 105.1, 109.3, 115.5, 104.0, 103.0, 130.1, 123.4, 104.9, 134.0, 106.1, 114.3, 107.8, 95.9, 122.1, 113.9, 103.1, 134.0, 97.8, 116.3, 94.5, 96.0]","[123.5, 125.7, 113.7, 123.5, 118.4, 103.2, 105.0, 140.8, 131.3, 125.7, 120.4, 129.8, 106.7, 118.6, 124.0, 122.4, 99.0, 127.3, 121.0, 117.7, 101.0, 123.8, 125.5, 136.0, 121.4, 114.3, 122.7, 109.4, 115.0, 106.1, 116.1, 123.6, 124.8, 107.6, 110.2, 129.3, 105.9, 121.9, 109.4, 106.4, 117.5, 113.3, 106.5, 121.3, 95.4, 93.1]","[103.0, 101.0, 95.0, 102.0, 97.0, 93.0, 102.0, 101.0, 96.0, 105.0, 99.0, 104.0, 102.0, 102.0, 103.0, 98.0, 104.0, 98.0, 101.0, 94.0, 96.0, 100.0, 101.0, 99.0, 99.0, 98.0, 97.0, 97.0, 99.0, 99.0, 93.0, 107.0, 102.0, 106.0, 99.0, 98.0, 103.0, 98.0, 104.0, 108.0, 96.0, 97.0, 93.0, 92.0, 109.0, 101.0]",46,34.78260869565217,25
UTA,Utah Jazz,"[Timestamp('2024-01-27 00:00:00'), Timestamp('2024-01-25 00:00:00'), Timestamp('2024-01-23 00:00:00'), Timestamp('2024-01-20 00:00:00'), Timestamp('2024-01-18 00:00:00'), Timestamp('2024-01-15 00:00:00'), Timestamp('2024-01-13 00:00:00'), Timestamp('2024-01-12 00:00:00'), Timestamp('2024-01-10 00:00:00'), Timestamp('2024-01-08 00:00:00'), Timestamp('2024-01-06 00:00:00'), Timestamp('2024-01-05 00:00:00'), Timestamp('2024-01-03 00:00:00'), Timestamp('2024-01-01 00:00:00'), Timestamp('2023-12-30 00:00:00'), Timestamp('2023-12-28 00:00:00'), Timestamp('2023-12-26 00:00:00'), Timestamp('2023-12-23 00:00:00'), Timestamp('2023-12-21 00:00:00'), Timestamp('2023-12-20 00:00:00'), Timestamp('2023-12-18 00:00:00'), Timestamp('2023-12-16 00:00:00'), Timestamp('2023-12-14 00:00:00'), Timestamp('2023-12-13 00:00:00'), Timestamp('2023-12-11 00:00:00'), Timestamp('2023-12-08 00:00:00'), Timestamp('2023-12-06 00:00:00'), Timestamp('2023-12-02 00:00:00'), Timestamp('2023-11-30 00:00:00'), Timestamp('2023-11-29 00:00:00'), Timestamp('2023-11-27 00:00:00'), Timestamp('2023-11-25 00:00:00'), Timestamp('2023-11-22 00:00:00'), Timestamp('2023-11-21 00:00:00'), Timestamp('2023-11-19 00:00:00'), Timestamp('2023-11-17 00:00:00'), Timestamp('2023-11-14 00:00:00'), Timestamp('2023-11-10 00:00:00'), Timestamp('2023-11-08 00:00:00'), Timestamp('2023-11-06 00:00:00'), Timestamp('2023-11-04 00:00:00'), Timestamp('2023-11-02 00:00:00'), Timestamp('2023-11-01 00:00:00'), Timestamp('2023-10-30 00:00:00'), Timestamp('2023-10-28 00:00:00'), Timestamp('2023-10-27 00:00:00'), Timestamp('2023-10-25 00:00:00')]",24,23,"[134.0, 119.4, 117.0, 114.5, 122.9, 130.7, 123.4, 140.8, 122.8, 134.7, 117.6, 87.4, 137.5, 123.3, 112.5, 109.4, 126.2, 127.3, 116.7, 117.2, 125.0, 105.1, 128.4, 113.6, 113.2, 104.0, 93.3, 112.4, 92.8, 96.8, 118.8, 105.0, 107.1, 95.2, 118.1, 132.0, 113.9, 125.7, 111.3, 114.1, 97.9, 105.6, 124.3, 104.1, 104.0, 120.0, 108.6]","[120.8, 104.9, 145.7, 117.6, 127.6, 102.9, 119.0, 111.9, 111.0, 116.0, 106.9, 115.6, 131.0, 87.4, 105.8, 119.1, 113.5, 121.4, 109.9, 126.5, 109.1, 127.6, 120.0, 109.7, 127.6, 119.4, 141.3, 107.6, 104.1, 110.5, 119.1, 100.0, 122.2, 126.0, 120.7, 133.7, 98.0, 121.0, 126.4, 130.0, 128.1, 107.5, 100.9, 112.2, 124.8, 118.0, 123.8]","[100.0, 103.0, 106.0, 110.0, 105.0, 101.0, 107.0, 103.0, 101.0, 98.0, 102.0, 111.0, 112.0, 103.0, 104.0, 96.0, 103.0, 99.0, 102.0, 99.0, 100.0, 99.0, 95.0, 103.0, 106.0, 99.0, 104.0, 105.0, 97.0, 94.0, 96.0, 100.0, 98.0, 104.0, 116.0, 97.0, 101.0, 101.0, 106.0, 99.0, 97.0, 107.0, 107.0, 98.0, 100.0, 100.0, 105.0]",47,51.06382978723404,17
MEM,Memphis Grizzlies,"[Timestamp('2024-01-28 00:00:00'), Timestamp('2024-01-26 00:00:00'), Timestamp('2024-01-24 00:00:00'), Timestamp('2024-01-22 00:00:00'), Timestamp('2024-01-20 00:00:00'), Timestamp('2024-01-18 00:00:00'), Timestamp('2024-01-15 00:00:00'), Timestamp('2024-01-13 00:00:00'), Timestamp('2024-01-12 00:00:00'), Timestamp('2024-01-09 00:00:00'), Timestamp('2024-01-07 00:00:00'), Timestamp('2024-01-05 00:00:00'), Timestamp('2024-01-03 00:00:00'), Timestamp('2024-01-02 00:00:00'), Timestamp('2023-12-31 00:00:00'), Timestamp('2023-12-29 00:00:00'), Timestamp('2023-12-28 00:00:00'), Timestamp('2023-12-26 00:00:00'), Timestamp('2023-12-23 00:00:00'), Timestamp('2023-12-21 00:00:00'), Timestamp('2023-12-19 00:00:00'), Timestamp('2023-12-18 00:00:00'), Timestamp('2023-12-15 00:00:00'), Timestamp('2023-12-13 00:00:00'), Timestamp('2023-12-11 00:00:00'), Timestamp('2023-12-08 00:00:00'), Timestamp('2023-12-06 00:00:00'), Timestamp('2023-12-02 00:00:00'), Timestamp('2023-12-01 00:00:00'), Timestamp('2023-11-29 00:00:00'), Timestamp('2023-11-26 00:00:00'), Timestamp('2023-11-24 00:00:00'), Timestamp('2023-11-22 00:00:00'), Timestamp('2023-11-19 00:00:00'), Timestamp('2023-11-18 00:00:00'), Timestamp('2023-11-14 00:00:00'), Timestamp('2023-11-12 00:00:00'), Timestamp('2023-11-10 00:00:00'), Timestamp('2023-11-08 00:00:00'), Timestamp('2023-11-05 00:00:00'), Timestamp('2023-11-03 00:00:00'), Timestamp('2023-11-01 00:00:00'), Timestamp('2023-10-30 00:00:00'), Timestamp('2023-10-28 00:00:00'), Timestamp('2023-10-27 00:00:00'), Timestamp('2023-10-25 00:00:00')]",18,28,"[114.6, 113.8, 106.1, 113.7, 97.0, 107.3, 114.9, 94.9, 124.0, 121.2, 114.2, 124.5, 106.7, 108.2, 92.0, 103.9, 104.0, 102.7, 125.0, 118.4, 118.6, 91.5, 99.0, 101.0, 114.1, 109.6, 113.7, 105.8, 112.5, 110.5, 100.0, 95.7, 92.9, 106.4, 122.4, 109.2, 109.4, 121.0, 103.0, 114.3, 104.6, 100.9, 106.8, 103.9, 101.0, 100.0]","[120.8, 112.8, 96.0, 105.3, 127.6, 122.9, 105.9, 108.2, 133.3, 105.1, 108.5, 109.7, 113.7, 100.0, 123.0, 115.8, 140.6, 102.7, 119.0, 104.0, 117.7, 109.4, 105.1, 112.5, 120.0, 132.3, 100.0, 113.7, 100.0, 96.8, 120.2, 118.3, 114.4, 108.5, 111.3, 138.1, 104.1, 125.7, 108.0, 100.0, 107.5, 124.3, 122.5, 108.7, 104.9, 107.8]","[96.0, 94.0, 99.0, 95.0, 99.0, 96.0, 101.0, 99.0, 96.0, 99.0, 106.0, 102.0, 104.0, 98.0, 100.0, 102.0, 101.0, 113.0, 100.0, 98.0, 97.0, 106.0, 97.0, 103.0, 99.0, 94.0, 102.0, 103.0, 96.0, 95.0, 97.0, 93.0, 98.0, 94.0, 98.0, 98.0, 96.0, 100.0, 99.0, 98.0, 108.0, 108.0, 103.0, 102.0, 103.0, 104.0]",46,39.130434782608695,24
WAS,Washington Wizards,"[Timestamp('2024-01-27 00:00:00'), Timestamp('2024-01-25 00:00:00'), Timestamp('2024-01-24 00:00:00'), Timestamp('2024-01-21 00:00:00'), Timestamp('2024-01-20 00:00:00'), Timestamp('2024-01-18 00:00:00'), Timestamp('2024-01-15 00:00:00'), Timestamp('2024-01-13 00:00:00'), Timestamp('2024-01-10 00:00:00'), Timestamp('2024-01-08 00:00:00'), Timestamp('2024-01-06 00:00:00'), Timestamp('2024-01-05 00:00:00'), Timestamp('2024-01-03 00:00:00'), Timestamp('2023-12-31 00:00:00'), Timestamp('2023-12-29 00:00:00'), Timestamp('2023-12-27 00:00:00'), Timestamp('2023-12-26 00:00:00'), Timestamp('2023-12-22 00:00:00'), Timestamp('2023-12-21 00:00:00'), Timestamp('2023-12-18 00:00:00'), Timestamp('2023-12-17 00:00:00'), Timestamp('2023-12-15 00:00:00'), Timestamp('2023-12-13 00:00:00'), Timestamp('2023-12-11 00:00:00'), Timestamp('2023-12-08 00:00:00'), Timestamp('2023-12-06 00:00:00'), Timestamp('2023-12-01 00:00:00'), Timestamp('2023-11-29 00:00:00'), Timestamp('2023-11-27 00:00:00'), Timestamp('2023-11-25 00:00:00'), Timestamp('2023-11-24 00:00:00'), Timestamp('2023-11-22 00:00:00'), Timestamp('2023-11-20 00:00:00'), Timestamp('2023-11-17 00:00:00'), Timestamp('2023-11-15 00:00:00'), Timestamp('2023-11-13 00:00:00'), Timestamp('2023-11-12 00:00:00'), Timestamp('2023-11-10 00:00:00'), Timestamp('2023-11-08 00:00:00'), Timestamp('2023-11-06 00:00:00'), Timestamp('2023-11-03 00:00:00'), Timestamp('2023-11-01 00:00:00'), Timestamp('2023-10-30 00:00:00'), Timestamp('2023-10-28 00:00:00'), Timestamp('2023-10-25 00:00:00')]",8,37,"[115.7, 104.9, 101.9, 106.1, 117.6, 104.8, 120.6, 122.1, 103.0, 125.5, 105.0, 91.8, 105.2, 115.6, 117.0, 99.0, 111.2, 115.7, 119.2, 124.8, 104.9, 122.3, 116.2, 91.8, 95.1, 120.0, 119.0, 117.6, 117.8, 104.9, 123.1, 112.9, 125.2, 106.5, 112.5, 105.9, 91.3, 115.8, 128.2, 115.3, 111.8, 109.0, 102.9, 108.7, 109.1]","[102.0, 119.4, 112.4, 113.0, 121.3, 109.7, 131.6, 95.2, 109.8, 132.0, 118.6, 117.5, 144.3, 120.4, 111.8, 126.9, 118.7, 124.0, 117.0, 134.9, 108.7, 109.8, 134.0, 133.9, 124.0, 126.0, 123.8, 133.7, 99.1, 132.0, 124.8, 117.0, 137.9, 127.7, 126.2, 107.8, 99.0, 120.4, 113.7, 131.5, 118.6, 118.2, 121.2, 103.9, 128.8]","[102.0, 103.0, 105.0, 98.0, 108.0, 104.0, 97.0, 104.0, 101.0, 102.0, 100.0, 98.0, 96.0, 109.0, 94.0, 103.0, 107.0, 102.0, 99.0, 105.0, 103.0, 112.0, 105.0, 110.0, 102.0, 105.0, 105.0, 102.0, 107.0, 103.0, 104.0, 101.0, 103.0, 93.0, 104.0, 101.0, 103.0, 101.0, 103.0, 111.0, 102.0, 111.0, 104.0, 104.0, 110.0]",45,17.77777777777778,29
DET,Detroit Pistons,"[Timestamp('2024-01-28 00:00:00'), Timestamp('2024-01-27 00:00:00'), Timestamp('2024-01-24 00:00:00'), Timestamp('2024-01-22 00:00:00'), Timestamp('2024-01-20 00:00:00'), Timestamp('2024-01-17 00:00:00'), Timestamp('2024-01-15 00:00:00'), Timestamp('2024-01-12 00:00:00'), Timestamp('2024-01-10 00:00:00'), Timestamp('2024-01-09 00:00:00'), Timestamp('2024-01-07 00:00:00'), Timestamp('2024-01-05 00:00:00'), Timestamp('2024-01-03 00:00:00'), Timestamp('2024-01-01 00:00:00'), Timestamp('2023-12-30 00:00:00'), Timestamp('2023-12-28 00:00:00'), Timestamp('2023-12-26 00:00:00'), Timestamp('2023-12-23 00:00:00'), Timestamp('2023-12-21 00:00:00'), Timestamp('2023-12-18 00:00:00'), Timestamp('2023-12-16 00:00:00'), Timestamp('2023-12-15 00:00:00'), Timestamp('2023-12-13 00:00:00'), Timestamp('2023-12-11 00:00:00'), Timestamp('2023-12-08 00:00:00'), Timestamp('2023-12-06 00:00:00'), Timestamp('2023-12-02 00:00:00'), Timestamp('2023-11-30 00:00:00'), Timestamp('2023-11-29 00:00:00'), Timestamp('2023-11-27 00:00:00'), Timestamp('2023-11-24 00:00:00'), Timestamp('2023-11-20 00:00:00'), Timestamp('2023-11-19 00:00:00'), Timestamp('2023-11-17 00:00:00'), Timestamp('2023-11-14 00:00:00'), Timestamp('2023-11-12 00:00:00'), Timestamp('2023-11-10 00:00:00'), Timestamp('2023-11-08 00:00:00'), Timestamp('2023-11-06 00:00:00'), Timestamp('2023-11-05 00:00:00'), Timestamp('2023-11-02 00:00:00'), Timestamp('2023-11-01 00:00:00'), Timestamp('2023-10-30 00:00:00'), Timestamp('2023-10-28 00:00:00'), Timestamp('2023-10-27 00:00:00'), Timestamp('2023-10-25 00:00:00')]",6,40,"[123.7, 102.0, 114.1, 109.7, 123.9, 117.0, 131.6, 111.1, 109.1, 106.8, 116.3, 109.0, 131.0, 108.7, 124.0, 111.9, 109.8, 115.0, 109.9, 120.4, 108.6, 88.5, 107.8, 118.3, 91.0, 100.0, 102.0, 113.1, 100.9, 99.1, 114.1, 106.2, 107.6, 102.0, 116.5, 110.2, 108.2, 110.3, 112.4, 108.2, 116.0, 95.3, 108.7, 126.9, 103.7, 106.3]","[106.1, 115.7, 108.2, 117.3, 129.4, 121.6, 120.6, 113.1, 132.7, 127.2, 133.7, 114.1, 137.5, 129.5, 123.3, 118.5, 115.7, 126.0, 116.7, 126.2, 140.4, 120.4, 125.2, 123.6, 123.0, 113.7, 110.0, 119.2, 125.5, 117.8, 137.4, 108.1, 134.0, 111.3, 121.2, 124.0, 116.3, 112.1, 123.7, 121.2, 123.8, 104.8, 119.2, 109.7, 91.7, 108.4]","[97.0, 102.0, 99.0, 103.0, 109.0, 100.0, 98.0, 99.0, 99.0, 103.0, 98.0, 100.0, 113.0, 104.0, 104.0, 109.0, 102.0, 100.0, 101.0, 103.0, 105.0, 104.0, 103.0, 104.0, 100.0, 102.0, 99.0, 99.0, 106.0, 108.0, 99.0, 97.0, 105.0, 98.0, 103.0, 98.0, 98.0, 107.0, 97.0, 98.0, 100.0, 106.0, 103.0, 93.0, 107.0, 96.0]",46,13.043478260869565,30
CHA,Charlotte Hornets,"[Timestamp('2024-01-27 00:00:00'), Timestamp('2024-01-26 00:00:00'), Timestamp('2024-01-24 00:00:00'), Timestamp('2024-01-22 00:00:00'), Timestamp('2024-01-20 00:00:00'), Timestamp('2024-01-19 00:00:00'), Timestamp('2024-01-17 00:00:00'), Timestamp('2024-01-14 00:00:00'), Timestamp('2024-01-12 00:00:00'), Timestamp('2024-01-10 00:00:00'), Timestamp('2024-01-08 00:00:00'), Timestamp('2024-01-05 00:00:00'), Timestamp('2024-01-02 00:00:00'), Timestamp('2024-01-01 00:00:00'), Timestamp('2023-12-29 00:00:00'), Timestamp('2023-12-28 00:00:00'), Timestamp('2023-12-26 00:00:00'), Timestamp('2023-12-23 00:00:00'), Timestamp('2023-12-20 00:00:00'), Timestamp('2023-12-18 00:00:00'), Timestamp('2023-12-16 00:00:00'), Timestamp('2023-12-15 00:00:00'), Timestamp('2023-12-13 00:00:00'), Timestamp('2023-12-11 00:00:00'), Timestamp('2023-12-08 00:00:00'), Timestamp('2023-12-06 00:00:00'), Timestamp('2023-12-02 00:00:00'), Timestamp('2023-11-30 00:00:00'), Timestamp('2023-11-28 00:00:00'), Timestamp('2023-11-26 00:00:00'), Timestamp('2023-11-22 00:00:00'), Timestamp('2023-11-20 00:00:00'), Timestamp('2023-11-18 00:00:00'), Timestamp('2023-11-17 00:00:00'), Timestamp('2023-11-14 00:00:00'), Timestamp('2023-11-12 00:00:00'), Timestamp('2023-11-10 00:00:00'), Timestamp('2023-11-08 00:00:00'), Timestamp('2023-11-05 00:00:00'), Timestamp('2023-11-04 00:00:00'), Timestamp('2023-11-01 00:00:00'), Timestamp('2023-10-30 00:00:00'), Timestamp('2023-10-27 00:00:00'), Timestamp('2023-10-25 00:00:00')]",10,34,"[120.8, 102.0, 108.2, 128.0, 90.8, 127.8, 116.7, 91.6, 95.2, 103.2, 109.8, 97.8, 108.8, 97.9, 125.3, 106.7, 105.1, 97.9, 115.3, 101.0, 82.0, 108.1, 104.0, 120.0, 121.4, 102.0, 121.9, 134.4, 95.8, 110.4, 117.0, 113.1, 112.5, 96.1, 111.7, 113.8, 120.4, 113.7, 113.5, 127.6, 116.7, 115.2, 91.7, 111.5]","[134.0, 136.6, 114.1, 125.0, 99.0, 123.7, 137.5, 107.2, 128.6, 129.5, 115.5, 111.8, 102.0, 116.8, 143.0, 125.5, 114.1, 104.1, 145.5, 118.8, 137.8, 112.0, 117.3, 124.7, 117.2, 112.1, 129.5, 136.2, 119.8, 123.8, 112.9, 108.3, 127.1, 126.2, 115.6, 138.7, 115.8, 128.2, 120.4, 125.3, 125.5, 126.7, 103.7, 105.8]","[101.0, 102.0, 98.0, 100.0, 98.0, 97.0, 96.0, 95.0, 104.0, 95.0, 102.0, 93.0, 102.0, 95.0, 95.0, 105.0, 99.0, 97.0, 98.0, 98.0, 100.0, 99.0, 100.0, 95.0, 98.0, 98.0, 96.0, 96.0, 95.0, 106.0, 100.0, 107.0, 96.0, 103.0, 94.0, 94.0, 103.0, 102.0, 104.0, 98.0, 102.0, 105.0, 108.0, 104.0]",44,22.727272727272727,27
